EmployeeID,Age,Gender,MaritalStatus,Department,JobRole,Education,EducationField,BusinessTravel,DistanceFromHome,MonthlyIncome,YearsAtCompany,YearsInCurrentRole,YearsSinceLastPromotion,TotalWorkingYears,TrainingTimesLastYear,JobSatisfaction,EnvironmentSatisfaction,WorkLifeBalance,JobInvolvement,RelationshipSatisfaction,OverTime,PerformanceRating,Attrition
E1000,51,Male,Married,Marketing,Marketing Specialist,4,Business,Travel_Rarely,13,7872,17,0,0,26,4,4,4,4,2,3,No,4,No
E1001,55,Female,Single,Operations,Operations Analyst,1,Technical Degree,Travel_Frequently,21,8232,13,6,0,16,6,2,4,4,3,1,No,3,No
E1002,53,Female,Single,Operations,Operations Analyst,1,Human Resources,Travel_Rarely,18,9283,22,3,3,27,5,4,2,1,2,2,No,3,No
E1003,22,Male,Divorced,Sales,Sales Manager,5,Other,Travel_Frequently,20,6422,4,4,4,8,4,4,3,3,1,1,No,3,Yes
E1004,40,Male,Single,Operations,Operations Analyst,5,Life Sciences,Travel_Rarely,23,7491,14,6,1,20,4,2,2,4,3,2,No,4,No
E1005,40,Male,Married,Customer Support,Support Team Lead,2,Business,Travel_Rarely,8,3822,0,0,0,3,2,1,2,1,4,1,Yes,3,No
E1006,38,Female,Single,HR,HR Manager,1,Business,Travel_Rarely,22,5223,7,6,3,16,5,4,4,3,2,4,No,3,No
E1007,42,Male,Married,Sales,Sales Manager,4,Other,Travel_Rarely,1,8210,17,8,1,20,4,3,2,1,2,3,No,2,No
E1008,46,Female,Married,Customer Support,Support Representative,2,Life Sciences,Travel_Rarely,12,4605,8,1,1,9,2,2,3,2,1,3,No,2,No
E1009,39,Male,Married,Operations,Supply Chain Coordinator,3,Life Sciences,Travel_Frequently,3,8878,18,3,1,24,3,1,3,1,3,1,No,2,No
E1010,26,Female,Single,Sales,Account Manager,4,Medical,Travel_Rarely,28,6151,0,0,0,4,1,4,2,2,4,3,No,3,No
E1011,23,Male,Married,Operations,Operations Analyst,5,Marketing,Travel_Rarely,14,5266,1,1,1,5,1,1,3,4,2,3,No,2,No
E1012,21,Female,Divorced,Customer Support,Support Team Lead,5,Marketing,Travel_Rarely,26,4068,3,3,3,6,0,2,4,4,4,2,Yes,2,Yes
E1013,58,Male,Married,Sales,Sales Manager,1,Business,Travel_Frequently,4,5936,2,2,2,5,0,3,4,3,2,4,No,2,Yes
E1014,41,Male,Single,IT,IT Manager,5,Technical Degree,Travel_Frequently,13,10919,19,1,1,23,6,2,3,1,2,4,No,3,No
E1015,58,Female,Married,Operations,Supply Chain Coordinator,5,Other,Non-Travel,29,6533,12,11,4,20,4,1,3,4,3,2,No,3,No
E1016,47,Male,Married,R&D,R&D Manager,2,Medical,Travel_Frequently,11,11111,17,7,7,26,0,3,3,1,3,4,No,2,No
E1017,27,Male,Married,Sales,Account Manager,5,Medical,Travel_Rarely,26,5688,7,7,4,13,3,1,4,1,3,2,No,2,Yes
E1018,54,Male,Single,Customer Support,Support Team Lead,3,Medical,Travel_Rarely,16,5471,3,3,2,7,2,4,2,2,1,1,Yes,3,No
E1019,42,Female,Divorced,R&D,Research Scientist,5,Life Sciences,Travel_Rarely,18,10937,15,2,2,17,4,2,1,3,1,1,No,2,No
E1020,46,Female,Married,HR,HR Specialist,1,Business,Travel_Rarely,26,8065,16,7,1,25,6,4,2,1,2,4,No,3,No
E1021,35,Female,Married,Operations,Ops Manager,5,Human Resources,Travel_Rarely,19,7011,17,1,1,20,6,1,3,2,4,1,Yes,3,No
E1022,22,Male,Married,HR,HR Specialist,2,Human Resources,Travel_Frequently,9,6256,4,1,1,8,4,3,3,4,2,1,No,2,Yes
E1023,25,Female,Single,Sales,Sales Executive,2,Other,Travel_Rarely,25,5594,0,0,0,3,0,3,3,2,1,3,No,2,No
E1024,22,Male,Married,R&D,Lab Technician,1,Life Sciences,Travel_Rarely,10,6099,0,0,0,9,6,4,4,4,2,4,No,3,No
E1025,35,Male,Married,HR,HR Specialist,4,Marketing,Non-Travel,3,4932,0,0,0,8,4,1,4,2,1,1,No,2,No
E1026,53,Female,Married,Marketing,Marketing Specialist,2,Technical Degree,Travel_Frequently,5,9106,16,0,0,20,1,4,4,1,2,1,Yes,3,No
E1027,50,Male,Married,Operations,Supply Chain Coordinator,5,Business,Travel_Frequently,23,6358,4,4,2,11,1,3,1,4,1,3,No,2,No
E1028,50,Male,Divorced,HR,Recruiter,2,Business,Non-Travel,13,5005,5,3,3,8,5,4,4,4,1,4,No,3,No
E1029,32,Male,Single,Sales,Sales Manager,5,Technical Degree,Travel_Rarely,22,6558,7,4,2,14,6,4,3,2,2,4,Yes,3,No
E1030,43,Female,Divorced,Marketing,Brand Manager,1,Life Sciences,Travel_Rarely,7,6948,4,4,4,7,5,3,4,4,2,4,Yes,3,No
E1031,57,Female,Single,Sales,Sales Manager,5,Life Sciences,Travel_Rarely,7,6263,1,1,1,6,0,1,2,1,3,2,No,2,Yes
E1032,44,Female,Married,Marketing,Marketing Manager,1,Technical Degree,Travel_Rarely,15,10319,18,6,6,19,3,1,3,1,4,2,No,3,No
E1033,49,Female,Single,Finance,Financial Analyst,2,Business,Travel_Rarely,2,6611,0,0,0,3,6,2,3,3,1,4,No,2,No
E1034,55,Male,Married,Finance,Financial Analyst,1,Other,Travel_Rarely,16,6799,6,5,5,9,4,1,1,4,1,2,No,1,No
E1035,56,Female,Divorced,R&D,R&D Manager,5,Business,Travel_Frequently,19,7935,8,7,1,10,1,2,2,1,2,4,Yes,2,Yes
E1036,50,Male,Married,Sales,Sales Executive,3,Human Resources,Travel_Rarely,11,7096,8,2,2,15,2,1,3,4,2,4,No,2,No
E1037,54,Female,Single,Sales,Sales Manager,2,Other,Travel_Rarely,9,6154,9,1,1,12,1,2,2,1,4,2,No,3,No
E1038,52,Female,Married,Operations,Ops Manager,5,Medical,Travel_Rarely,18,7663,9,0,0,13,0,3,1,1,3,2,Yes,2,No
E1039,49,Male,Single,R&D,R&D Manager,2,Other,Travel_Rarely,15,5888,0,0,0,4,6,4,2,4,4,4,No,3,Yes
E1040,44,Male,Married,Sales,Account Manager,2,Other,Non-Travel,15,4891,0,0,0,2,1,4,4,2,4,4,Yes,3,No
E1041,58,Male,Married,Sales,Account Manager,3,Medical,Travel_Rarely,22,5304,1,0,0,7,0,4,2,1,1,4,Yes,2,No
E1042,54,Male,Married,IT,IT Support,1,Business,Travel_Frequently,22,9286,11,1,1,13,3,4,4,2,4,3,No,3,No
E1043,43,Female,Married,Operations,Supply Chain Coordinator,4,Other,Travel_Rarely,13,5049,2,0,0,8,0,4,2,2,4,1,Yes,3,Yes
E1044,43,Male,Divorced,Operations,Ops Manager,2,Technical Degree,Travel_Rarely,25,6049,10,6,1,15,2,2,3,1,4,4,Yes,3,Yes
E1045,25,Female,Single,R&D,Research Scientist,4,Marketing,Travel_Rarely,4,5967,0,0,0,5,6,4,3,4,4,3,No,3,Yes
E1046,49,Male,Single,Marketing,Marketing Manager,2,Life Sciences,Travel_Rarely,3,7889,7,0,0,10,4,3,1,1,4,4,Yes,3,Yes
E1047,34,Female,Single,R&D,Lab Technician,3,Life Sciences,Travel_Frequently,26,7073,1,1,0,7,2,2,3,2,3,3,Yes,3,No
E1048,50,Male,Divorced,Operations,Supply Chain Coordinator,5,Other,Travel_Rarely,21,7552,20,5,1,23,4,4,3,4,2,1,No,4,No
E1049,35,Male,Married,Sales,Account Manager,1,Medical,Travel_Frequently,9,6325,3,0,0,3,1,4,3,2,2,1,No,4,No
E1050,28,Male,Divorced,Operations,Ops Manager,4,Human Resources,Travel_Rarely,19,7030,10,10,7,18,4,1,2,4,4,4,No,2,No
E1051,55,Male,Single,Customer Support,Support Representative,3,Other,Travel_Rarely,20,6664,15,7,6,15,4,4,1,1,2,4,Yes,3,No
E1052,22,Male,Divorced,Operations,Ops Manager,5,Life Sciences,Travel_Rarely,1,4883,0,0,0,6,6,4,4,1,2,4,No,3,No
E1053,47,Male,Single,Sales,Account Manager,1,Technical Degree,Non-Travel,25,6329,10,0,0,16,0,4,1,2,3,3,No,3,No
E1054,48,Male,Single,Operations,Operations Analyst,3,Medical,Non-Travel,14,5099,5,5,5,10,2,3,1,2,1,3,No,2,No
E1055,38,Male,Single,R&D,Lab Technician,2,Marketing,Travel_Frequently,12,7988,14,10,3,17,2,1,2,1,3,1,No,2,Yes
E1056,38,Male,Married,IT,IT Manager,4,Life Sciences,Travel_Rarely,3,5497,0,0,0,8,5,2,4,2,4,2,No,3,Yes
E1057,33,Male,Married,Sales,Account Manager,4,Life Sciences,Travel_Rarely,18,6528,7,1,1,14,5,1,3,4,1,2,No,3,Yes
E1058,58,Male,Single,Sales,Sales Manager,5,Human Resources,Non-Travel,19,7856,12,9,6,14,6,4,1,2,1,4,Yes,2,No
E1059,53,Female,Divorced,Sales,Sales Executive,5,Human Resources,Non-Travel,20,4699,0,0,0,6,2,2,2,2,3,1,No,3,No
E1060,51,Male,Divorced,R&D,Lab Technician,1,Marketing,Travel_Frequently,14,10401,18,8,3,23,4,1,4,4,4,3,Yes,2,No
E1061,36,Male,Single,IT,IT Manager,4,Marketing,Travel_Rarely,20,6543,0,0,0,5,1,2,4,1,3,1,No,3,No
E1062,54,Female,Divorced,Finance,Financial Analyst,4,Business,Travel_Rarely,13,11552,22,10,7,25,0,4,4,4,2,3,Yes,2,No
E1063,51,Male,Married,Operations,Ops Manager,3,Life Sciences,Non-Travel,23,7011,6,6,2,7,0,3,4,2,1,2,No,3,No
E1064,35,Male,Married,Sales,Account Manager,4,Human Resources,Travel_Rarely,9,7120,9,9,4,9,1,4,3,3,3,1,Yes,3,No
E1065,38,Female,Single,Sales,Account Manager,1,Human Resources,Travel_Rarely,9,8470,18,10,7,20,3,1,4,4,1,1,No,2,No
E1066,51,Male,Divorced,R&D,Research Scientist,2,Business,Non-Travel,1,6069,2,2,2,9,4,4,3,3,4,1,No,3,No
E1067,46,Male,Single,Operations,Supply Chain Coordinator,1,Marketing,Travel_Frequently,28,7947,19,3,2,20,4,2,3,3,2,2,No,2,No
E1068,49,Female,Divorced,Marketing,Marketing Manager,3,Life Sciences,Non-Travel,3,7300,13,9,1,17,3,2,2,4,1,2,Yes,2,No
E1069,56,Female,Married,Finance,Finance Manager,4,Life Sciences,Travel_Rarely,25,5429,1,1,1,1,5,2,1,3,1,4,Yes,2,Yes
E1070,39,Male,Married,R&D,Lab Technician,3,Other,Non-Travel,23,9274,11,2,1,13,0,3,1,1,1,1,No,2,No
E1071,45,Male,Married,Sales,Account Manager,3,Other,Travel_Rarely,4,6714,6,6,0,7,0,4,4,2,3,2,Yes,2,Yes
E1072,54,Female,Married,HR,HR Manager,4,Life Sciences,Travel_Rarely,21,7961,17,5,4,19,4,1,2,4,1,3,Yes,2,Yes
E1073,55,Male,Married,R&D,R&D Manager,4,Medical,Non-Travel,16,6739,4,4,2,5,4,3,2,2,4,2,Yes,3,Yes
E1074,54,Male,Married,Marketing,Brand Manager,1,Other,Non-Travel,3,8554,11,1,1,14,6,3,2,2,1,2,No,3,No
E1075,40,Male,Married,IT,Software Engineer,3,Medical,Travel_Rarely,18,9798,19,9,6,23,4,3,4,1,1,3,No,2,No
E1076,43,Male,Divorced,Marketing,Marketing Manager,1,Technical Degree,Travel_Rarely,25,5042,0,0,0,4,5,2,2,4,2,2,No,3,Yes
E1077,28,Female,Single,Sales,Account Manager,1,Other,Travel_Rarely,4,6440,8,2,2,8,6,3,3,2,2,4,No,3,Yes
E1078,42,Female,Married,Marketing,Marketing Manager,5,Medical,Travel_Rarely,7,9506,19,10,3,20,2,2,3,4,4,2,Yes,3,No
E1079,27,Male,Divorced,Sales,Account Manager,4,Business,Travel_Frequently,25,6101,4,4,4,12,1,4,3,2,1,2,Yes,3,No
E1080,38,Female,Married,Sales,Sales Executive,2,Medical,Travel_Frequently,29,5274,0,0,0,3,4,4,1,4,4,4,No,3,No
E1081,25,Male,Married,Operations,Operations Analyst,3,Medical,Travel_Rarely,26,6091,7,4,4,16,6,2,2,1,1,1,Yes,2,No
E1082,26,Female,Divorced,R&D,R&D Manager,2,Life Sciences,Travel_Rarely,10,9193,8,7,5,11,4,1,4,4,4,2,No,2,No
E1083,33,Female,Single,IT,IT Support,5,Business,Travel_Frequently,5,7468,0,0,0,4,3,4,2,4,4,1,No,3,Yes
E1084,45,Male,Single,Operations,Operations Analyst,5,Life Sciences,Non-Travel,16,4384,0,0,0,3,3,1,4,3,1,4,No,3,No
E1085,23,Male,Divorced,Operations,Operations Analyst,4,Technical Degree,Travel_Rarely,19,6201,5,2,0,7,3,2,4,1,4,3,No,3,Yes
E1086,28,Male,Single,Operations,Ops Manager,5,Life Sciences,Travel_Rarely,22,7772,10,10,4,18,5,2,3,3,3,4,No,3,No
E1087,27,Male,Married,IT,IT Support,4,Other,Travel_Frequently,8,6579,6,6,6,13,2,3,3,1,2,3,No,2,Yes
E1088,35,Female,Married,IT,IT Manager,5,Technical Degree,Travel_Frequently,24,5844,0,0,0,5,2,2,1,4,4,3,No,2,No
E1089,36,Female,Married,Sales,Sales Executive,5,Life Sciences,Travel_Frequently,9,6563,7,3,3,11,3,3,2,3,2,4,No,3,No
E1090,58,Female,Single,Customer Support,Support Team Lead,4,Other,Travel_Rarely,14,5021,5,3,3,12,5,4,4,4,2,4,Yes,3,No
E1091,53,Male,Single,HR,HR Manager,1,Marketing,Travel_Rarely,2,5454,3,3,3,11,5,2,1,4,1,2,No,2,No
E1092,33,Male,Single,R&D,R&D Manager,1,Business,Travel_Frequently,21,7101,0,0,0,1,6,2,3,4,1,4,Yes,3,No
E1093,39,Female,Married,IT,IT Support,2,Human Resources,Travel_Rarely,12,8780,17,9,2,25,4,4,2,3,1,3,No,2,No
E1094,27,Male,Married,IT,Software Engineer,4,Human Resources,Travel_Rarely,20,6257,3,3,3,8,3,4,3,3,3,2,No,3,No
E1095,57,Male,Single,Marketing,Marketing Specialist,2,Technical Degree,Travel_Rarely,9,8813,20,4,4,20,5,1,3,2,1,2,Yes,2,No
E1096,31,Female,Single,Operations,Ops Manager,3,Technical Degree,Travel_Frequently,5,6346,6,6,0,12,4,4,1,4,2,4,No,2,No
E1097,35,Male,Married,Sales,Account Manager,2,Marketing,Travel_Frequently,25,7097,8,0,0,16,2,4,4,4,1,1,Yes,2,No
E1098,26,Male,Married,R&D,Research Scientist,1,Technical Degree,Travel_Frequently,29,6402,0,0,0,4,2,3,1,4,1,2,No,3,Yes
E1099,58,Male,Divorced,Marketing,Marketing Specialist,4,Business,Travel_Rarely,6,8948,22,11,7,23,6,2,4,4,1,1,No,2,No
E1100,44,Male,Divorced,Customer Support,Support Team Lead,3,Medical,Travel_Frequently,27,5624,16,0,0,23,3,4,1,3,3,3,No,3,No
E1101,57,Male,Married,R&D,Research Scientist,3,Human Resources,Non-Travel,5,11038,16,10,5,20,6,2,2,2,1,3,No,2,No
E1102,54,Male,Married,Marketing,Brand Manager,3,Business,Travel_Rarely,24,5038,2,2,2,2,4,1,3,1,2,3,No,3,Yes
E1103,54,Male,Married,Sales,Sales Manager,1,Other,Non-Travel,3,8144,19,3,3,23,0,4,4,4,2,3,No,3,No
E1104,26,Female,Married,Marketing,Marketing Manager,5,Technical Degree,Non-Travel,5,7360,8,8,6,9,4,3,2,3,2,3,No,3,No
E1105,44,Male,Married,R&D,Lab Technician,5,Life Sciences,Travel_Rarely,13,7973,6,6,1,13,4,3,3,4,4,2,Yes,4,No
E1106,25,Male,Married,Sales,Sales Manager,2,Business,Non-Travel,19,7483,7,1,0,12,1,4,2,1,4,1,No,3,No
E1107,30,Female,Single,Sales,Sales Manager,5,Marketing,Travel_Rarely,17,7294,12,1,1,14,0,3,1,1,3,2,No,2,No
E1108,39,Female,Single,Finance,Finance Manager,2,Other,Travel_Rarely,11,8265,12,5,5,21,3,2,2,1,4,2,No,2,No
E1109,41,Female,Single,HR,HR Specialist,3,Human Resources,Travel_Rarely,9,7126,20,2,1,23,1,2,4,1,2,1,No,2,No
E1110,48,Male,Single,Operations,Operations Analyst,4,Medical,Non-Travel,5,7154,20,10,2,21,3,1,1,4,2,1,Yes,3,No
E1111,44,Male,Single,R&D,R&D Manager,1,Other,Travel_Frequently,11,5416,0,0,0,5,5,2,2,1,4,3,No,3,Yes
E1112,55,Male,Single,Operations,Supply Chain Coordinator,3,Medical,Travel_Frequently,18,6822,10,10,7,16,5,3,3,2,1,4,No,3,No
E1113,39,Male,Single,R&D,R&D Manager,3,Medical,Non-Travel,2,6578,3,3,2,7,2,4,2,4,2,3,Yes,2,No
E1114,34,Female,Divorced,Marketing,Brand Manager,2,Life Sciences,Travel_Rarely,23,7005,15,3,3,16,3,2,4,1,4,2,Yes,2,No
E1115,55,Female,Single,Sales,Account Manager,2,Other,Travel_Frequently,26,9200,17,0,0,17,4,1,1,4,4,2,No,2,Yes
E1116,55,Female,Married,Operations,Operations Analyst,1,Human Resources,Travel_Rarely,8,7943,22,7,6,24,3,2,2,1,3,4,No,2,No
E1117,37,Female,Single,Operations,Supply Chain Coordinator,1,Other,Travel_Rarely,27,5653,5,5,4,13,1,1,3,2,1,1,No,1,Yes
E1118,31,Male,Married,Sales,Sales Executive,5,Medical,Travel_Rarely,5,6889,13,0,0,13,5,3,3,4,2,4,No,3,No
E1119,22,Male,Married,Marketing,Marketing Specialist,2,Human Resources,Non-Travel,25,5856,2,2,2,8,0,4,3,1,3,1,No,3,Yes
E1120,31,Male,Single,Operations,Ops Manager,3,Other,Travel_Rarely,20,6884,13,7,7,15,5,2,2,2,1,2,No,2,No
E1121,22,Male,Divorced,Customer Support,Support Team Lead,1,Human Resources,Travel_Rarely,8,4138,4,4,4,4,2,3,3,3,2,1,No,3,No
E1122,46,Female,Single,Sales,Account Manager,2,Other,Non-Travel,26,8792,17,2,2,21,6,4,4,2,3,3,No,3,No
E1123,39,Female,Single,HR,HR Specialist,3,Life Sciences,Travel_Frequently,15,7279,12,5,1,17,6,3,2,4,4,4,No,3,Yes
E1124,57,Male,Divorced,IT,IT Support,4,Medical,Travel_Rarely,17,10319,15,6,0,16,1,2,1,3,4,3,Yes,3,No
E1125,59,Female,Married,Customer Support,Support Team Lead,1,Business,Travel_Frequently,21,6280,11,10,1,15,3,4,3,1,4,1,No,3,No
E1126,55,Male,Single,Operations,Ops Manager,5,Business,Non-Travel,5,8189,14,5,3,17,5,2,3,4,3,1,No,2,No
E1127,42,Male,Divorced,R&D,Lab Technician,2,Technical Degree,Travel_Rarely,23,6946,2,2,0,8,1,3,3,4,4,3,No,3,No
E1128,41,Female,Married,Marketing,Brand Manager,3,Technical Degree,Non-Travel,13,5656,0,0,0,9,4,3,4,1,2,4,No,2,No
E1129,37,Female,Married,HR,HR Manager,1,Technical Degree,Non-Travel,2,4773,0,0,0,2,4,4,1,3,2,3,No,3,No
E1130,32,Female,Divorced,Finance,Finance Manager,3,Business,Travel_Rarely,1,8655,14,0,0,14,0,2,2,1,1,2,No,2,Yes
E1131,45,Male,Married,Operations,Operations Analyst,4,Marketing,Travel_Rarely,16,8595,15,5,3,15,1,1,4,2,1,2,Yes,2,Yes
E1132,39,Male,Divorced,IT,Software Engineer,5,Life Sciences,Travel_Frequently,26,11259,17,4,4,23,3,2,3,4,1,2,No,2,No
E1133,54,Female,Married,Sales,Sales Executive,1,Life Sciences,Travel_Rarely,19,6447,10,7,2,13,4,1,2,4,1,2,No,2,No
E1134,38,Male,Single,Operations,Supply Chain Coordinator,1,Technical Degree,Travel_Rarely,18,5807,0,0,0,0,0,4,4,2,2,4,No,4,No
E1135,34,Male,Married,IT,IT Support,5,Human Resources,Travel_Frequently,11,7839,12,5,1,13,6,3,2,2,2,3,No,3,No
E1136,38,Male,Single,R&D,R&D Manager,4,Human Resources,Travel_Rarely,10,8475,12,10,2,15,6,1,1,1,2,4,No,2,No
E1137,52,Male,Single,R&D,Lab Technician,5,Other,Travel_Rarely,9,6138,0,0,0,4,6,4,2,4,3,4,No,4,No
E1138,32,Male,Divorced,Finance,Finance Manager,3,Marketing,Travel_Rarely,24,8403,7,7,3,13,3,2,2,3,1,3,No,2,No
E1139,23,Male,Divorced,Sales,Sales Executive,1,Other,Travel_Rarely,19,5763,0,0,0,6,0,1,2,3,4,3,No,2,No
E1140,48,Male,Married,Marketing,Marketing Manager,3,Technical Degree,Travel_Rarely,20,6082,3,3,3,11,1,1,1,4,3,4,No,2,No
E1141,36,Male,Divorced,Finance,Accountant,2,Other,Travel_Rarely,19,8051,12,5,5,14,3,1,3,4,1,2,No,1,No
E1142,34,Female,Married,Operations,Ops Manager,1,Marketing,Travel_Frequently,23,5803,8,0,0,10,2,1,3,1,2,3,Yes,2,Yes
E1143,35,Male,Married,Marketing,Brand Manager,2,Business,Travel_Frequently,7,4680,0,0,0,7,6,3,4,1,3,1,Yes,3,No
E1144,43,Male,Divorced,Sales,Sales Manager,1,Business,Travel_Rarely,7,6426,9,9,4,15,0,2,3,4,1,1,No,2,No
E1145,39,Male,Single,Sales,Sales Executive,2,Other,Travel_Frequently,19,5509,0,0,0,7,0,1,3,3,1,4,No,2,No
E1146,21,Male,Married,R&D,Research Scientist,1,Medical,Non-Travel,23,6531,0,0,0,8,4,1,4,2,2,3,No,2,Yes
E1147,41,Male,Divorced,Operations,Supply Chain Coordinator,4,Business,Travel_Rarely,27,5173,0,0,0,7,3,1,4,1,1,1,No,2,Yes
E1148,54,Male,Married,R&D,Research Scientist,5,Human Resources,Travel_Rarely,2,7259,5,5,0,10,2,4,1,2,3,1,No,3,Yes
E1149,32,Male,Divorced,R&D,Lab Technician,1,Medical,Non-Travel,17,6932,0,0,0,4,6,1,2,3,1,1,No,3,No
E1150,56,Female,Divorced,Sales,Sales Executive,3,Human Resources,Travel_Rarely,1,7661,7,4,4,13,1,4,4,4,1,2,No,2,No
E1151,26,Female,Divorced,HR,Recruiter,3,Human Resources,Travel_Rarely,17,6848,8,6,6,12,5,2,2,1,1,2,No,2,Yes
E1152,49,Male,Married,IT,Software Engineer,1,Marketing,Travel_Rarely,6,12067,18,9,1,23,0,3,1,3,2,2,No,2,No
E1153,56,Male,Single,Sales,Sales Manager,5,Marketing,Travel_Rarely,19,8236,18,6,3,27,1,3,1,3,1,2,Yes,2,No
E1154,53,Male,Divorced,Operations,Operations Analyst,3,Medical,Travel_Frequently,9,4966,2,2,2,6,2,1,4,2,2,4,No,3,No
E1155,45,Male,Married,Sales,Account Manager,5,Life Sciences,Travel_Rarely,9,9643,16,6,3,24,1,2,2,2,4,1,No,2,No
E1156,32,Female,Married,Customer Support,Support Representative,4,Other,Travel_Rarely,10,3944,2,1,1,10,5,1,1,3,2,3,No,2,Yes
E1157,23,Male,Single,Marketing,Marketing Specialist,3,Other,Travel_Rarely,26,5340,4,4,4,13,1,1,2,3,2,3,No,2,No
E1158,46,Male,Married,Sales,Sales Executive,1,Life Sciences,Non-Travel,16,6776,8,6,2,17,0,4,4,3,2,1,Yes,3,No
E1159,46,Female,Single,Customer Support,Support Representative,4,Life Sciences,Travel_Frequently,14,5481,12,1,1,13,3,4,1,4,3,4,No,3,No
E1160,29,Male,Married,R&D,R&D Manager,3,Medical,Travel_Rarely,13,9683,11,11,0,18,5,4,4,2,3,2,No,4,No
E1161,24,Male,Divorced,Operations,Operations Analyst,3,Business,Travel_Frequently,25,5817,0,0,0,9,5,3,4,3,4,3,No,3,No
E1162,52,Male,Divorced,R&D,Lab Technician,2,Business,Travel_Rarely,4,8950,7,0,0,9,5,1,2,3,1,3,No,2,No
E1163,37,Male,Divorced,R&D,Lab Technician,2,Life Sciences,Travel_Frequently,8,8177,9,9,7,15,4,1,3,3,3,1,Yes,2,Yes
E1164,39,Male,Divorced,Sales,Sales Manager,3,Other,Travel_Rarely,19,8407,15,2,2,20,0,4,4,4,3,1,No,3,No
E1165,23,Male,Single,R&D,R&D Manager,5,Technical Degree,Non-Travel,28,5637,0,0,0,2,6,4,2,4,3,2,No,3,No
E1166,59,Female,Married,R&D,Lab Technician,2,Technical Degree,Travel_Rarely,2,7771,12,11,7,12,0,3,1,1,3,2,No,3,No
E1167,59,Male,Married,Sales,Account Manager,5,Business,Travel_Frequently,24,7800,8,5,0,8,0,3,1,4,2,2,Yes,3,Yes
E1168,56,Male,Single,Sales,Account Manager,2,Life Sciences,Travel_Rarely,29,6087,9,6,5,9,6,2,3,1,1,1,No,2,No
E1169,37,Male,Married,Sales,Account Manager,4,Technical Degree,Travel_Frequently,23,4654,0,0,0,0,2,3,4,4,3,3,Yes,2,No
E1170,28,Male,Married,IT,IT Support,1,Human Resources,Travel_Frequently,6,5665,0,0,0,8,5,1,3,4,1,4,Yes,3,No
E1171,45,Female,Divorced,R&D,Lab Technician,1,Life Sciences,Travel_Rarely,1,10720,15,6,1,24,2,4,4,4,2,1,No,3,No
E1172,55,Female,Divorced,IT,IT Manager,1,Human Resources,Non-Travel,8,6395,3,3,3,12,4,1,1,2,1,4,No,2,Yes
E1173,47,Female,Married,HR,Recruiter,4,Medical,Travel_Rarely,17,5684,5,0,0,9,4,2,4,2,3,4,No,3,No
E1174,37,Male,Divorced,Finance,Financial Analyst,3,Medical,Non-Travel,17,6534,4,1,1,6,1,3,3,1,2,3,No,3,No
E1175,21,Male,Married,R&D,R&D Manager,1,Human Resources,Non-Travel,4,7138,3,3,3,5,0,4,3,1,3,3,No,3,No
E1176,32,Male,Single,Marketing,Marketing Specialist,2,Life Sciences,Non-Travel,21,6145,0,0,0,9,3,2,4,2,1,2,No,2,Yes
E1177,58,Female,Married,R&D,Lab Technician,2,Other,Travel_Rarely,21,7934,3,3,2,11,4,2,2,3,1,3,No,2,No
E1178,33,Male,Divorced,Marketing,Brand Manager,1,Medical,Non-Travel,16,6261,1,1,1,4,4,2,4,1,1,4,No,2,Yes
E1179,27,Male,Divorced,R&D,Research Scientist,5,Human Resources,Travel_Rarely,28,6404,0,0,0,9,4,1,1,3,3,1,Yes,2,Yes
E1180,43,Male,Married,Sales,Account Manager,2,Technical Degree,Non-Travel,12,8330,11,7,5,13,4,1,1,3,4,4,No,3,No
E1181,22,Male,Divorced,R&D,R&D Manager,1,Human Resources,Travel_Rarely,24,7524,4,4,4,12,2,2,2,2,1,2,Yes,2,Yes
E1182,46,Male,Single,Sales,Account Manager,2,Marketing,Travel_Rarely,2,9663,18,7,3,19,0,3,1,1,1,3,No,2,No
E1183,39,Male,Single,R&D,R&D Manager,2,Human Resources,Travel_Rarely,23,8909,11,11,4,18,2,4,3,1,2,4,No,3,No
E1184,54,Female,Married,R&D,R&D Manager,3,Other,Travel_Rarely,13,7370,10,6,3,19,2,4,3,2,4,3,No,3,No
E1185,40,Male,Married,Operations,Operations Analyst,4,Life Sciences,Travel_Frequently,14,7248,8,4,0,9,2,4,1,1,2,4,No,3,No
E1186,21,Male,Married,Customer Support,Support Representative,1,Marketing,Travel_Rarely,1,3672,0,0,0,2,4,2,1,4,3,4,No,2,No
E1187,57,Male,Married,Sales,Sales Manager,5,Other,Non-Travel,15,8319,11,3,3,13,1,2,4,4,2,4,No,2,No
E1188,21,Female,Married,Operations,Operations Analyst,1,Marketing,Travel_Rarely,26,5780,3,3,3,9,6,3,1,2,1,3,Yes,3,No
E1189,44,Female,Married,IT,IT Manager,5,Human Resources,Travel_Rarely,14,7065,2,2,2,3,1,1,2,3,3,3,No,3,No
E1190,30,Male,Married,Operations,Supply Chain Coordinator,3,Life Sciences,Travel_Frequently,16,6604,12,3,2,12,1,2,3,1,3,4,No,2,No
E1191,53,Female,Married,R&D,Lab Technician,3,Other,Non-Travel,21,6581,5,5,5,8,4,3,3,3,2,3,No,2,No
E1192,50,Female,Married,R&D,R&D Manager,1,Other,Travel_Rarely,25,9205,9,8,4,14,6,4,4,3,4,1,No,2,No
E1193,34,Female,Single,IT,IT Support,5,Medical,Travel_Rarely,15,5809,0,0,0,3,6,2,2,4,3,1,No,3,Yes
E1194,25,Female,Married,Finance,Finance Manager,2,Life Sciences,Travel_Frequently,11,6996,6,5,5,8,4,3,4,4,1,1,Yes,2,No
E1195,41,Female,Divorced,Operations,Ops Manager,4,Life Sciences,Travel_Frequently,13,8837,17,0,0,19,1,2,4,3,3,1,No,2,No
E1196,38,Female,Married,R&D,R&D Manager,1,Marketing,Non-Travel,14,6352,0,0,0,3,6,4,4,4,1,1,No,3,No
E1197,41,Female,Married,Marketing,Marketing Specialist,4,Medical,Travel_Rarely,16,7976,11,5,1,17,2,3,2,3,3,2,No,3,No
E1198,38,Male,Married,Finance,Finance Manager,1,Life Sciences,Travel_Rarely,26,5369,1,1,0,6,4,1,2,3,2,1,Yes,2,No
E1199,32,Female,Married,Marketing,Marketing Manager,1,Other,Travel_Rarely,14,5652,4,4,4,13,5,3,4,3,2,1,No,3,No
E1200,32,Female,Single,R&D,Lab Technician,1,Other,Travel_Rarely,26,7006,4,2,1,7,5,4,2,4,3,3,No,3,No
E1201,41,Male,Divorced,R&D,Lab Technician,4,Human Resources,Travel_Rarely,4,5977,2,1,1,5,5,2,4,2,4,3,No,2,No
E1202,36,Female,Divorced,Sales,Sales Executive,5,Life Sciences,Travel_Rarely,22,9213,14,2,2,21,2,3,4,4,2,3,No,2,No
E1203,23,Female,Married,Operations,Supply Chain Coordinator,2,Medical,Travel_Rarely,5,5387,1,1,1,6,6,1,3,2,1,2,No,3,Yes
E1204,45,Male,Single,Sales,Sales Manager,5,Marketing,Travel_Rarely,25,7540,15,4,4,20,3,3,3,3,3,3,No,3,No
E1205,43,Male,Married,R&D,Lab Technician,2,Life Sciences,Non-Travel,2,7561,10,7,0,16,3,1,4,4,1,3,Yes,2,No
E1206,26,Female,Married,Operations,Supply Chain Coordinator,2,Technical Degree,Travel_Rarely,19,5367,0,0,0,9,0,4,1,1,1,2,No,3,No
E1207,22,Male,Married,R&D,Lab Technician,3,Life Sciences,Travel_Frequently,19,6390,0,0,0,0,0,3,1,2,4,2,Yes,3,No
E1208,52,Male,Married,R&D,R&D Manager,5,Marketing,Travel_Rarely,18,9984,15,8,5,17,0,4,2,3,3,1,No,3,No
E1209,28,Male,Divorced,R&D,Lab Technician,4,Medical,Travel_Rarely,16,7132,0,0,0,8,5,4,4,3,3,4,No,4,No
E1210,22,Male,Divorced,HR,HR Specialist,1,Other,Travel_Frequently,17,4790,4,4,4,13,4,2,4,1,4,3,Yes,3,Yes
E1211,56,Female,Single,Marketing,Marketing Specialist,1,Life Sciences,Non-Travel,23,5809,3,3,3,3,4,3,3,4,2,2,No,3,No
E1212,55,Male,Single,R&D,Research Scientist,3,Life Sciences,Travel_Rarely,23,6518,0,0,0,8,2,4,2,4,1,1,No,3,No
E1213,51,Female,Married,Finance,Accountant,4,Technical Degree,Non-Travel,18,9325,14,9,3,16,4,1,4,3,2,1,No,3,No
E1214,55,Male,Married,Customer Support,Support Representative,1,Marketing,Travel_Rarely,1,5167,12,0,0,14,5,1,3,4,3,1,Yes,3,Yes
E1215,32,Female,Divorced,Finance,Finance Manager,4,Human Resources,Travel_Rarely,21,7631,14,1,1,21,3,4,1,3,1,4,No,2,No
E1216,57,Female,Divorced,R&D,R&D Manager,2,Technical Degree,Travel_Rarely,18,6310,5,3,3,14,2,3,4,4,4,1,No,2,No
E1217,46,Male,Divorced,IT,Software Engineer,5,Technical Degree,Travel_Rarely,17,8216,5,2,2,7,3,3,1,3,4,3,No,3,No
E1218,37,Male,Single,IT,IT Support,5,Life Sciences,Travel_Frequently,19,8494,7,7,0,15,3,4,4,2,2,2,No,3,No
E1219,32,Female,Married,Marketing,Brand Manager,3,Human Resources,Travel_Frequently,28,6409,9,8,3,13,5,2,3,1,1,3,No,3,No
E1220,24,Male,Single,R&D,Lab Technician,5,Other,Non-Travel,29,8768,6,6,3,15,0,3,2,2,1,4,No,2,No
E1221,27,Male,Single,Finance,Finance Manager,3,Technical Degree,Travel_Frequently,15,6489,1,1,1,8,4,2,3,3,1,2,Yes,2,Yes
E1222,51,Male,Married,R&D,R&D Manager,1,Life Sciences,Non-Travel,6,7113,7,7,4,13,0,2,3,2,3,4,No,3,Yes
E1223,35,Male,Single,IT,Software Engineer,3,Life Sciences,Travel_Rarely,28,7556,3,3,3,12,3,4,2,2,3,1,No,3,No
E1224,29,Female,Married,Sales,Sales Manager,4,Life Sciences,Travel_Rarely,23,5986,0,0,0,9,3,1,4,4,4,4,Yes,3,Yes
E1225,22,Male,Married,IT,Software Engineer,4,Life Sciences,Travel_Frequently,18,6305,1,1,1,2,5,4,2,1,1,2,Yes,3,No
E1226,22,Male,Divorced,R&D,Research Scientist,2,Business,Travel_Frequently,2,5772,1,1,1,10,1,2,1,4,3,3,No,3,No
E1227,38,Male,Married,Sales,Account Manager,1,Business,Non-Travel,5,7097,17,4,3,24,3,4,2,1,2,1,No,2,No
E1228,30,Male,Single,IT,IT Manager,4,Other,Travel_Rarely,3,9423,11,9,0,12,3,1,1,3,1,4,No,2,No
E1229,26,Male,Single,Marketing,Marketing Specialist,5,Marketing,Travel_Rarely,16,5812,1,1,1,2,2,4,3,2,2,2,Yes,3,No
E1230,21,Male,Married,Sales,Account Manager,2,Business,Non-Travel,14,5077,0,0,0,1,1,2,2,4,3,2,Yes,2,No
E1231,41,Female,Divorced,R&D,R&D Manager,5,Human Resources,Non-Travel,10,10935,16,8,4,25,4,2,3,1,3,4,Yes,2,No
E1232,38,Female,Divorced,Sales,Account Manager,1,Human Resources,Travel_Frequently,11,8152,18,11,4,20,1,1,4,2,3,1,No,2,No
E1233,43,Female,Married,Marketing,Brand Manager,4,Life Sciences,Travel_Rarely,12,5844,5,5,2,13,2,3,4,2,4,3,No,3,No
E1234,26,Female,Single,IT,IT Support,5,Other,Travel_Rarely,15,5625,0,0,0,6,3,1,3,4,3,2,No,2,Yes
E1235,51,Female,Married,R&D,R&D Manager,3,Human Resources,Non-Travel,3,9486,12,5,3,12,2,2,2,2,3,1,No,2,No
E1236,45,Male,Married,R&D,R&D Manager,4,Other,Travel_Frequently,26,9448,12,5,5,18,3,2,3,3,1,4,No,2,No
E1237,58,Male,Married,Sales,Sales Executive,5,Technical Degree,Travel_Rarely,20,9724,16,8,4,20,4,3,1,2,3,4,No,3,No
E1238,45,Male,Married,Sales,Account Manager,2,Life Sciences,Travel_Frequently,8,9284,19,4,1,25,0,2,2,4,1,4,No,2,No
E1239,47,Female,Single,Sales,Account Manager,4,Marketing,Travel_Rarely,2,8759,19,10,3,22,4,1,3,2,3,4,No,3,No
E1240,28,Female,Married,Marketing,Marketing Manager,4,Marketing,Travel_Rarely,9,5351,0,0,0,4,2,3,4,3,4,1,No,2,No
E1241,51,Female,Divorced,Sales,Account Manager,1,Marketing,Travel_Rarely,22,6148,4,4,4,5,2,3,2,2,1,2,Yes,2,No
E1242,32,Male,Single,HR,HR Specialist,4,Marketing,Travel_Rarely,8,7767,14,9,3,20,4,3,2,2,2,3,No,2,Yes
E1243,51,Male,Married,R&D,R&D Manager,2,Life Sciences,Travel_Frequently,26,9843,18,3,1,25,6,4,3,4,1,1,No,3,No
E1244,31,Female,Married,Finance,Financial Analyst,2,Life Sciences,Travel_Rarely,21,8043,10,6,0,16,2,4,3,3,3,2,No,3,No
E1245,53,Female,Married,Finance,Accountant,3,Medical,Travel_Rarely,27,8176,5,1,1,12,1,2,3,2,4,2,No,2,Yes
E1246,23,Female,Divorced,R&D,Lab Technician,4,Technical Degree,Travel_Rarely,17,7099,5,5,5,14,0,3,1,1,4,3,Yes,2,No
E1247,47,Male,Single,R&D,Lab Technician,5,Human Resources,Travel_Frequently,6,5873,0,0,0,9,5,3,4,3,4,3,No,3,No
E1248,47,Male,Married,IT,IT Support,2,Technical Degree,Travel_Frequently,7,10443,14,0,0,20,1,3,2,3,2,4,No,2,No
E1249,45,Male,Single,IT,IT Manager,5,Human Resources,Travel_Rarely,12,6781,0,0,0,2,1,4,4,4,4,3,No,3,No
E1250,36,Male,Divorced,HR,Recruiter,2,Human Resources,Non-Travel,24,7501,12,9,7,18,2,1,1,1,2,3,No,2,Yes
E1251,55,Male,Single,R&D,R&D Manager,5,Other,Travel_Rarely,17,7484,11,10,2,18,0,1,3,1,3,3,No,2,No
E1252,57,Female,Married,Finance,Finance Manager,3,Life Sciences,Travel_Rarely,11,7810,4,4,4,7,6,2,1,1,1,3,No,2,Yes
E1253,48,Male,Single,Finance,Accountant,5,Business,Travel_Frequently,12,8556,20,10,7,23,1,2,1,3,1,3,No,1,Yes
E1254,32,Female,Divorced,Customer Support,Support Team Lead,4,Technical Degree,Travel_Rarely,16,6207,14,7,7,21,2,1,2,4,3,2,No,3,No
E1255,55,Male,Divorced,HR,Recruiter,3,Life Sciences,Non-Travel,4,7963,22,6,4,27,2,1,3,1,3,4,No,2,No
E1256,26,Male,Married,R&D,R&D Manager,3,Human Resources,Travel_Rarely,25,6727,0,0,0,5,5,4,3,4,2,3,No,3,No
E1257,50,Female,Married,Customer Support,Support Representative,5,Life Sciences,Travel_Frequently,10,5174,11,4,4,14,1,3,3,2,4,3,No,3,No
E1258,53,Female,Married,Operations,Operations Analyst,3,Business,Travel_Rarely,23,7231,9,3,1,14,3,3,2,4,4,4,Yes,3,No
E1259,25,Male,Married,Sales,Sales Manager,4,Human Resources,Non-Travel,15,5469,0,0,0,4,1,2,1,3,2,3,No,2,Yes
E1260,29,Male,Married,Finance,Finance Manager,1,Business,Travel_Rarely,14,8978,11,8,7,19,5,4,3,4,2,3,Yes,3,No
E1261,52,Male,Married,Marketing,Marketing Manager,1,Business,Travel_Rarely,14,6323,10,8,2,18,4,1,2,1,1,3,No,2,No
E1262,46,Male,Divorced,Finance,Finance Manager,4,Marketing,Non-Travel,13,8844,21,7,3,30,6,4,4,3,1,3,Yes,3,No
E1263,51,Male,Single,R&D,R&D Manager,4,Other,Travel_Rarely,2,7465,1,1,1,9,5,4,1,3,1,4,No,4,No
E1264,45,Male,Married,R&D,R&D Manager,5,Other,Travel_Rarely,29,6512,0,0,0,6,3,3,1,4,4,4,No,3,Yes
E1265,36,Male,Divorced,Marketing,Brand Manager,4,Business,Non-Travel,19,7659,13,9,1,19,1,4,4,4,1,1,No,2,No
E1266,49,Female,Married,Finance,Accountant,4,Human Resources,Travel_Rarely,4,5426,0,0,0,6,6,2,1,4,4,2,No,2,No
E1267,44,Male,Married,Sales,Sales Executive,5,Marketing,Travel_Rarely,10,6300,1,0,0,8,3,3,3,2,3,3,Yes,3,Yes
E1268,56,Female,Divorced,R&D,Research Scientist,1,Technical Degree,Non-Travel,27,9718,21,0,0,28,0,1,3,4,3,2,No,2,No
E1269,36,Female,Divorced,Marketing,Marketing Specialist,1,Marketing,Travel_Rarely,22,7451,7,7,7,12,4,3,1,2,4,3,No,3,No
E1270,57,Male,Divorced,Sales,Sales Manager,4,Life Sciences,Travel_Rarely,14,10649,23,1,1,23,1,2,4,3,2,2,No,3,No
E1271,59,Male,Married,R&D,Lab Technician,1,Business,Non-Travel,29,5933,2,1,1,7,0,2,4,1,4,2,Yes,2,No
E1272,44,Male,Married,Finance,Finance Manager,1,Technical Degree,Travel_Rarely,9,10897,19,1,1,26,5,1,3,2,3,4,Yes,3,Yes
E1273,36,Male,Married,R&D,Lab Technician,4,Life Sciences,Travel_Rarely,20,7501,3,0,0,3,0,4,4,3,4,3,No,3,No
E1274,47,Male,Married,Operations,Operations Analyst,2,Marketing,Travel_Rarely,27,4856,3,0,0,8,3,2,1,1,4,3,Yes,3,Yes
E1275,47,Male,Divorced,Sales,Sales Executive,2,Business,Travel_Rarely,29,5836,0,0,0,3,2,1,4,4,4,4,No,3,No
E1276,39,Female,Divorced,IT,Software Engineer,3,Life Sciences,Non-Travel,7,7106,0,0,0,8,5,2,3,3,3,2,No,3,No
E1277,39,Male,Divorced,Marketing,Marketing Specialist,2,Marketing,Travel_Rarely,19,4857,0,0,0,0,5,3,3,3,1,3,Yes,3,No
E1278,28,Female,Divorced,IT,Software Engineer,3,Human Resources,Travel_Rarely,28,6501,0,0,0,7,5,3,1,1,1,2,No,3,Yes
E1279,45,Female,Married,Finance,Finance Manager,3,Other,Travel_Rarely,19,6432,3,3,1,9,5,3,1,1,3,3,Yes,3,Yes
E1280,40,Male,Divorced,HR,HR Manager,3,Technical Degree,Travel_Frequently,4,4367,0,0,0,8,6,1,2,1,4,2,No,3,Yes
E1281,25,Female,Married,R&D,Research Scientist,5,Other,Non-Travel,18,7379,5,5,3,9,6,4,2,4,2,2,No,3,No
E1282,56,Male,Divorced,Sales,Sales Manager,2,Other,Travel_Rarely,26,6410,6,5,1,10,5,4,3,3,1,1,Yes,2,No
E1283,26,Female,Married,Finance,Finance Manager,1,Medical,Travel_Rarely,29,6919,8,6,5,12,3,1,4,4,2,3,No,2,No
E1284,58,Male,Married,R&D,Lab Technician,5,Technical Degree,Travel_Frequently,12,12458,23,4,4,29,3,1,4,2,3,2,No,3,Yes
E1285,32,Male,Married,IT,IT Manager,5,Medical,Travel_Rarely,6,6003,2,2,0,11,2,4,2,1,1,3,Yes,3,Yes
E1286,26,Male,Married,Sales,Account Manager,2,Medical,Non-Travel,23,6016,7,6,6,16,1,3,3,4,2,1,Yes,2,No
E1287,32,Female,Married,Sales,Sales Executive,4,Other,Travel_Rarely,12,8599,14,11,2,19,3,4,1,2,1,4,No,3,No
E1288,55,Male,Single,Marketing,Brand Manager,3,Medical,Non-Travel,28,7714,20,0,0,23,6,3,3,4,4,3,No,3,No
E1289,47,Female,Married,Customer Support,Support Team Lead,2,Human Resources,Travel_Frequently,12,5478,8,1,1,9,0,4,3,2,2,2,No,3,No
E1290,42,Male,Married,HR,HR Manager,3,Other,Travel_Frequently,4,8252,17,6,4,26,2,1,1,3,3,2,Yes,2,No
E1291,35,Male,Single,IT,Software Engineer,2,Business,Non-Travel,2,11613,17,2,2,26,2,2,3,1,2,3,No,2,No
E1292,49,Female,Married,Operations,Supply Chain Coordinator,2,Medical,Travel_Frequently,8,5593,8,1,1,17,1,4,4,3,2,1,No,2,No
E1293,51,Female,Married,Marketing,Marketing Specialist,1,Human Resources,Travel_Rarely,12,6874,4,3,3,9,6,1,2,1,4,3,No,2,No
E1294,31,Male,Married,Operations,Ops Manager,2,Other,Travel_Frequently,21,6537,13,6,1,17,5,4,2,1,1,1,No,4,No
E1295,35,Female,Married,Finance,Financial Analyst,3,Human Resources,Travel_Rarely,20,9792,17,9,0,20,4,2,3,2,3,3,No,3,No
E1296,58,Male,Single,Operations,Ops Manager,1,Medical,Travel_Rarely,4,6129,13,11,6,19,4,1,1,3,2,1,No,2,No
E1297,49,Male,Married,Marketing,Brand Manager,5,Marketing,Travel_Frequently,28,6488,10,10,3,11,0,1,3,1,1,4,No,2,No
E1298,31,Male,Single,Customer Support,Support Team Lead,2,Human Resources,Travel_Frequently,2,5568,4,4,4,12,2,2,4,1,2,3,No,1,No
E1299,39,Female,Married,IT,IT Manager,5,Marketing,Travel_Rarely,15,5773,0,0,0,9,6,4,2,2,3,1,No,3,Yes
E1300,32,Male,Single,Marketing,Brand Manager,4,Human Resources,Travel_Rarely,23,5159,0,0,0,9,5,1,3,2,1,1,Yes,2,No
E1301,34,Male,Married,IT,IT Manager,3,Technical Degree,Travel_Rarely,22,8302,8,3,3,17,1,2,2,2,4,4,No,2,No
E1302,39,Male,Married,Sales,Account Manager,5,Life Sciences,Travel_Rarely,4,6458,2,2,2,11,5,4,4,2,4,1,No,4,No
E1303,26,Male,Single,Sales,Sales Executive,4,Marketing,Non-Travel,17,6588,6,0,0,14,5,2,4,4,1,4,No,3,No
E1304,59,Male,Divorced,R&D,R&D Manager,2,Medical,Travel_Rarely,22,6932,1,1,1,3,2,3,2,1,4,3,No,3,No
E1305,36,Male,Married,Sales,Sales Executive,5,Life Sciences,Travel_Rarely,8,7237,10,1,1,17,6,3,4,1,3,2,Yes,2,No
E1306,29,Female,Divorced,Finance,Accountant,4,Other,Travel_Rarely,6,7461,11,6,1,17,2,1,2,3,3,4,Yes,2,Yes
E1307,35,Female,Married,Sales,Sales Executive,3,Technical Degree,Travel_Rarely,5,8232,15,7,2,22,0,1,1,4,2,3,No,1,No
E1308,33,Female,Married,IT,IT Support,3,Technical Degree,Travel_Frequently,23,5805,0,0,0,8,0,4,2,2,4,4,Yes,3,No
E1309,22,Female,Divorced,Sales,Account Manager,2,Human Resources,Travel_Rarely,8,5499,2,2,1,6,0,4,4,4,1,4,No,3,No
E1310,41,Female,Married,Marketing,Brand Manager,1,Technical Degree,Travel_Rarely,10,6178,0,0,0,2,2,1,3,1,3,4,Yes,3,No
E1311,45,Male,Married,Sales,Sales Executive,1,Business,Travel_Rarely,21,5072,4,4,2,8,5,3,4,4,4,1,No,4,No
E1312,50,Male,Married,IT,Software Engineer,1,Business,Non-Travel,13,5732,2,2,2,8,2,3,3,2,1,3,No,2,No
E1313,24,Male,Married,R&D,Lab Technician,1,Human Resources,Travel_Frequently,20,7258,0,0,0,9,6,2,1,3,1,3,Yes,2,Yes
E1314,57,Male,Divorced,R&D,Lab Technician,5,Marketing,Travel_Rarely,13,9795,12,0,0,12,2,1,1,1,4,1,Yes,3,No
E1315,31,Male,Divorced,R&D,Lab Technician,4,Other,Non-Travel,9,5807,0,0,0,4,3,2,2,3,3,4,No,3,No
E1316,35,Female,Divorced,Operations,Operations Analyst,5,Technical Degree,Non-Travel,4,4871,0,0,0,7,1,4,1,4,1,1,No,3,No
E1317,33,Male,Married,IT,IT Manager,3,Marketing,Travel_Rarely,10,7649,4,4,4,9,6,1,3,4,2,3,Yes,2,Yes
E1318,28,Male,Married,Operations,Ops Manager,2,Business,Travel_Rarely,17,7327,10,5,0,17,6,1,2,2,1,4,No,2,No
E1319,53,Male,Married,Sales,Account Manager,5,Medical,Non-Travel,17,10771,21,11,7,25,6,1,3,2,2,2,No,2,Yes
E1320,59,Female,Married,R&D,R&D Manager,4,Medical,Non-Travel,26,7062,4,4,2,10,1,1,4,1,2,3,Yes,2,No
E1321,35,Female,Divorced,Finance,Financial Analyst,4,Life Sciences,Travel_Rarely,18,6207,0,0,0,6,5,1,1,4,2,4,Yes,2,Yes
E1322,48,Female,Married,R&D,R&D Manager,1,Human Resources,Travel_Rarely,11,5721,1,1,0,7,6,3,3,2,4,2,No,3,No
E1323,21,Female,Married,IT,IT Manager,4,Other,Travel_Rarely,21,6795,3,0,0,12,3,4,1,3,2,4,No,2,No
E1324,48,Male,Divorced,Operations,Ops Manager,5,Technical Degree,Travel_Frequently,6,6719,8,8,1,12,2,1,2,1,4,2,Yes,3,No
E1325,40,Female,Married,Operations,Ops Manager,5,Business,Travel_Rarely,7,5810,1,0,0,8,5,1,2,1,4,4,No,3,No
E1326,41,Male,Single,R&D,Research Scientist,1,Medical,Travel_Rarely,3,8807,10,3,3,17,4,4,4,1,4,2,No,3,No
E1327,29,Male,Divorced,Finance,Finance Manager,2,Technical Degree,Travel_Rarely,11,8307,11,5,4,20,2,3,4,4,2,1,No,2,No
E1328,23,Female,Married,R&D,Lab Technician,4,Life Sciences,Travel_Frequently,2,8206,5,4,2,13,4,4,4,1,1,3,Yes,3,No
E1329,26,Female,Married,R&D,R&D Manager,1,Medical,Travel_Rarely,6,7593,8,5,4,12,3,3,1,2,4,1,No,3,No
E1330,48,Female,Single,Marketing,Brand Manager,1,Other,Travel_Frequently,15,5453,3,3,0,9,2,1,4,3,1,4,Yes,3,Yes
E1331,56,Male,Married,R&D,Research Scientist,4,Other,Travel_Frequently,7,7720,13,9,1,20,6,4,4,2,4,3,No,4,No
E1332,46,Female,Married,Operations,Ops Manager,3,Life Sciences,Travel_Rarely,16,5002,5,0,0,7,0,2,1,4,2,1,No,2,No
E1333,24,Female,Single,R&D,Research Scientist,4,Business,Travel_Rarely,21,7704,6,4,4,13,0,2,2,1,3,3,No,2,No
E1334,35,Female,Single,Marketing,Marketing Manager,5,Human Resources,Travel_Rarely,27,6904,9,0,0,15,3,2,1,4,4,1,No,3,No
E1335,28,Female,Divorced,Sales,Sales Executive,4,Human Resources,Travel_Rarely,21,8232,10,5,5,14,5,3,4,1,3,3,No,3,No
E1336,52,Female,Married,IT,Software Engineer,3,Human Resources,Travel_Rarely,11,10165,21,10,2,21,3,3,2,1,3,3,Yes,3,No
E1337,24,Male,Single,Sales,Sales Manager,2,Technical Degree,Travel_Rarely,26,4785,0,0,0,6,1,3,4,4,2,4,Yes,3,No
E1338,34,Female,Married,Sales,Account Manager,3,Medical,Travel_Rarely,15,8090,9,4,4,16,1,3,1,1,1,2,Yes,2,Yes
E1339,30,Male,Single,Operations,Ops Manager,4,Marketing,Travel_Rarely,4,7645,11,7,6,16,4,3,1,2,3,1,No,2,Yes
E1340,27,Male,Married,R&D,Research Scientist,2,Life Sciences,Travel_Rarely,4,7735,2,2,0,11,4,4,4,4,1,2,No,3,No
E1341,22,Female,Single,Sales,Account Manager,3,Technical Degree,Non-Travel,28,6223,0,0,0,4,5,2,2,2,1,4,No,3,No
E1342,48,Male,Married,Sales,Account Manager,1,Business,Travel_Frequently,17,6541,3,3,1,8,5,3,2,4,4,3,No,3,No
E1343,40,Female,Married,Finance,Financial Analyst,4,Technical Degree,Travel_Rarely,26,5637,2,0,0,2,5,1,4,2,3,3,No,3,Yes
E1344,43,Male,Married,R&D,Research Scientist,1,Marketing,Travel_Rarely,10,6803,0,0,0,6,1,2,2,3,1,4,Yes,2,Yes
E1345,50,Female,Married,IT,IT Support,1,Technical Degree,Travel_Frequently,5,7322,0,0,0,8,2,2,3,4,4,3,No,3,No
E1346,25,Male,Married,Marketing,Brand Manager,3,Business,Travel_Rarely,21,6603,7,4,1,12,4,3,2,2,2,2,Yes,3,No
E1347,38,Female,Divorced,Finance,Accountant,3,Technical Degree,Travel_Rarely,25,5394,0,0,0,7,6,2,3,1,1,2,No,2,Yes
E1348,54,Female,Married,Operations,Ops Manager,3,Life Sciences,Travel_Frequently,29,5289,7,0,0,14,2,2,3,3,4,1,Yes,3,No
E1349,46,Female,Single,R&D,Lab Technician,1,Human Resources,Travel_Rarely,18,10966,15,5,3,17,0,2,1,4,3,4,No,2,No
E1350,40,Female,Divorced,HR,Recruiter,2,Business,Non-Travel,27,6275,13,3,3,16,4,4,4,1,2,4,No,3,No
E1351,53,Female,Married,Marketing,Brand Manager,2,Technical Degree,Travel_Frequently,21,7879,18,4,4,27,5,3,3,1,3,4,No,2,No
E1352,26,Male,Divorced,IT,Software Engineer,1,Medical,Non-Travel,4,5644,0,0,0,5,1,4,3,2,4,3,No,3,No
E1353,45,Male,Married,Sales,Sales Manager,1,Human Resources,Travel_Rarely,1,6673,4,4,4,6,3,2,4,1,3,1,No,3,Yes
E1354,54,Male,Married,R&D,R&D Manager,1,Business,Non-Travel,12,10292,18,0,0,26,2,2,1,4,4,3,No,2,No
E1355,26,Female,Single,Marketing,Marketing Manager,3,Business,Non-Travel,2,6003,8,7,1,8,5,1,4,1,4,1,No,2,Yes
E1356,45,Female,Single,R&D,Research Scientist,2,Other,Non-Travel,19,9113,11,6,0,14,6,1,2,1,3,1,Yes,2,No
E1357,52,Male,Single,R&D,Research Scientist,4,Life Sciences,Travel_Rarely,13,8168,6,4,4,13,4,3,4,4,3,4,No,3,No
E1358,48,Male,Married,Sales,Sales Executive,2,Medical,Travel_Rarely,20,8621,20,10,7,26,6,4,4,3,4,2,Yes,3,No
E1359,59,Male,Single,IT,Software Engineer,2,Marketing,Travel_Rarely,8,8448,9,9,6,17,3,1,4,3,4,1,No,3,No
E1360,53,Male,Single,Sales,Sales Executive,2,Medical,Travel_Rarely,21,6946,14,4,3,16,2,2,4,4,2,3,No,2,No
E1361,59,Female,Single,Operations,Ops Manager,4,Business,Travel_Frequently,7,5775,5,5,4,14,1,1,2,4,4,2,Yes,2,Yes
E1362,47,Male,Single,Sales,Account Manager,2,Human Resources,Travel_Frequently,21,6859,3,2,2,10,4,1,4,3,1,1,Yes,2,Yes
E1363,29,Male,Divorced,R&D,R&D Manager,4,Business,Travel_Rarely,14,6636,3,3,0,7,2,1,4,1,2,4,No,2,No
E1364,54,Female,Married,IT,IT Support,4,Marketing,Travel_Rarely,27,8382,12,10,3,14,1,4,3,2,2,2,No,2,No
E1365,54,Female,Married,Sales,Account Manager,4,Marketing,Travel_Rarely,27,6170,4,4,3,5,5,1,2,2,1,4,No,2,Yes
E1366,42,Male,Married,Marketing,Brand Manager,3,Technical Degree,Non-Travel,13,6789,5,4,4,11,6,3,2,3,2,3,No,2,No
E1367,30,Female,Married,Sales,Sales Manager,4,Other,Travel_Rarely,18,5361,0,0,0,2,0,1,4,4,2,1,No,2,No
E1368,38,Female,Married,IT,Software Engineer,4,Human Resources,Travel_Rarely,3,5784,0,0,0,0,5,2,1,4,4,4,No,3,Yes
E1369,32,Male,Married,R&D,R&D Manager,4,Marketing,Travel_Rarely,28,6037,0,0,0,4,5,2,2,1,1,4,No,3,No
E1370,28,Female,Married,Finance,Accountant,2,Life Sciences,Travel_Rarely,29,8694,10,4,0,12,1,3,2,2,1,2,Yes,3,No
E1371,36,Male,Married,Marketing,Brand Manager,3,Technical Degree,Travel_Rarely,3,10330,18,1,0,20,5,3,1,4,4,4,No,3,No
E1372,31,Female,Married,Sales,Account Manager,4,Medical,Travel_Rarely,9,7896,8,8,6,12,1,2,2,2,3,2,Yes,2,No
E1373,47,Female,Married,R&D,Research Scientist,5,Medical,Travel_Frequently,28,8759,17,4,1,21,4,3,2,4,4,1,No,3,No
E1374,50,Male,Married,IT,IT Support,3,Life Sciences,Travel_Rarely,18,7794,1,1,1,4,2,3,2,1,2,3,Yes,2,No
E1375,35,Male,Married,R&D,R&D Manager,3,Life Sciences,Travel_Rarely,8,5262,0,0,0,6,4,1,3,3,2,1,No,2,No
E1376,52,Male,Divorced,Finance,Accountant,5,Other,Travel_Rarely,6,11902,21,8,3,30,0,4,4,3,2,3,No,3,No
E1377,31,Male,Single,IT,IT Support,3,Business,Travel_Frequently,19,6581,4,4,4,12,4,2,3,2,4,2,No,2,Yes
E1378,46,Female,Single,Operations,Operations Analyst,5,Marketing,Non-Travel,9,5891,9,8,3,14,3,3,4,2,4,4,No,3,No
E1379,33,Male,Married,IT,IT Support,3,Other,Travel_Rarely,27,5832,0,0,0,1,4,2,4,3,3,4,No,3,No
E1380,43,Male,Divorced,Finance,Finance Manager,4,Technical Degree,Travel_Rarely,14,9016,14,0,0,19,0,2,3,1,4,2,No,3,No
E1381,22,Female,Married,Operations,Supply Chain Coordinator,3,Technical Degree,Travel_Rarely,29,4277,0,0,0,9,5,3,1,2,1,3,No,3,Yes
E1382,47,Male,Divorced,Sales,Account Manager,2,Marketing,Travel_Frequently,11,4847,2,2,1,10,2,2,4,2,3,4,No,3,No
E1383,43,Female,Single,Customer Support,Support Team Lead,4,Medical,Non-Travel,25,4180,0,0,0,6,4,1,1,4,4,3,Yes,2,No
E1384,30,Female,Married,HR,HR Manager,2,Technical Degree,Travel_Rarely,9,5160,0,0,0,6,4,1,1,4,4,4,No,2,Yes
E1385,46,Male,Divorced,Finance,Finance Manager,5,Other,Non-Travel,20,9695,15,10,5,23,0,1,2,4,2,2,No,2,No
E1386,47,Male,Single,Finance,Finance Manager,2,Marketing,Travel_Frequently,23,6148,4,0,0,9,1,2,1,2,4,3,No,2,No
E1387,38,Male,Single,R&D,Lab Technician,1,Marketing,Travel_Rarely,8,8304,16,6,2,23,0,4,3,1,3,2,No,2,No
E1388,57,Female,Divorced,Customer Support,Support Representative,2,Medical,Travel_Rarely,21,6509,13,3,3,20,1,1,1,2,1,3,Yes,2,No
E1389,58,Male,Single,Operations,Ops Manager,5,Marketing,Travel_Rarely,12,5196,5,0,0,9,5,4,2,1,3,3,No,3,No
E1390,47,Female,Married,Finance,Financial Analyst,5,Marketing,Travel_Rarely,9,6816,0,0,0,1,3,1,4,4,4,3,No,3,No
E1391,51,Female,Married,Sales,Account Manager,3,Technical Degree,Travel_Rarely,21,8173,14,10,1,20,5,1,4,3,4,1,No,2,No
E1392,39,Female,Married,Marketing,Brand Manager,1,Marketing,Travel_Rarely,11,7377,5,5,1,14,5,3,2,4,4,3,No,3,No
E1393,34,Female,Married,Operations,Operations Analyst,2,Human Resources,Travel_Rarely,18,7552,16,8,0,25,5,3,1,4,2,4,Yes,3,No
E1394,48,Female,Married,Customer Support,Support Team Lead,5,Business,Travel_Rarely,5,4508,0,0,0,2,4,1,3,2,1,3,No,2,Yes
E1395,43,Male,Single,Finance,Financial Analyst,2,Medical,Travel_Rarely,14,9652,19,2,2,26,5,1,4,2,2,4,Yes,2,No
E1396,42,Male,Divorced,R&D,Lab Technician,3,Medical,Travel_Rarely,9,8454,8,8,6,12,1,3,4,4,3,1,No,2,No
E1397,40,Female,Married,Operations,Supply Chain Coordinator,3,Technical Degree,Travel_Frequently,12,5183,6,3,2,8,2,2,3,3,2,2,No,1,No
E1398,23,Female,Divorced,Sales,Account Manager,5,Medical,Travel_Frequently,27,5340,5,5,0,14,4,1,3,4,2,3,No,2,No
E1399,28,Female,Divorced,R&D,Research Scientist,3,Technical Degree,Travel_Rarely,2,6979,0,0,0,6,2,4,4,1,3,1,No,4,No
E1400,49,Male,Married,Finance,Accountant,5,Business,Travel_Rarely,21,6324,7,7,2,7,1,1,3,1,4,2,Yes,2,No
E1401,35,Male,Married,Operations,Supply Chain Coordinator,4,Business,Travel_Rarely,27,4923,0,0,0,1,4,2,2,3,1,2,No,3,No
E1402,56,Female,Divorced,Customer Support,Support Representative,3,Technical Degree,Travel_Rarely,13,6411,15,9,3,24,3,1,2,1,3,1,No,2,No
E1403,47,Male,Single,Sales,Sales Manager,1,Business,Travel_Rarely,4,10177,19,8,0,21,4,4,4,4,4,2,Yes,3,No
E1404,55,Female,Married,IT,IT Manager,2,Human Resources,Travel_Rarely,25,9276,12,1,1,16,1,2,3,3,2,2,No,2,No
E1405,34,Male,Single,R&D,Research Scientist,1,Marketing,Travel_Frequently,6,10130,13,5,1,18,2,3,1,2,1,2,No,2,No
E1406,53,Female,Divorced,Sales,Sales Executive,4,Other,Travel_Rarely,6,8663,16,7,6,19,5,4,3,1,1,4,Yes,3,No
E1407,27,Male,Single,R&D,R&D Manager,3,Human Resources,Travel_Rarely,1,8626,9,9,6,10,0,1,3,1,4,4,No,2,No
E1408,47,Male,Divorced,Operations,Operations Analyst,3,Marketing,Travel_Rarely,23,7942,18,6,3,25,6,1,4,2,1,2,Yes,2,No
E1409,35,Male,Divorced,R&D,Lab Technician,5,Human Resources,Travel_Rarely,5,11057,16,6,5,22,0,2,2,2,3,1,No,2,No
E1410,33,Male,Single,R&D,Research Scientist,1,Business,Travel_Rarely,24,7188,5,2,2,14,1,3,2,4,4,1,No,4,No
E1411,29,Female,Divorced,Marketing,Marketing Specialist,5,Technical Degree,Non-Travel,11,5427,0,0,0,7,3,2,3,3,3,1,No,3,Yes
E1412,51,Female,Married,HR,HR Specialist,3,Technical Degree,Travel_Rarely,21,5875,3,0,0,6,5,3,2,2,3,1,Yes,3,No
E1413,33,Female,Married,Customer Support,Support Team Lead,1,Business,Travel_Rarely,29,6584,15,6,2,15,3,3,1,2,1,4,No,3,No
E1414,22,Male,Married,R&D,Lab Technician,1,Life Sciences,Travel_Frequently,19,6617,0,0,0,4,6,3,1,2,2,4,Yes,3,Yes
E1415,23,Male,Married,Sales,Sales Executive,5,Business,Travel_Rarely,27,6381,5,5,5,14,4,1,4,3,2,4,Yes,2,No
E1416,29,Female,Single,Finance,Financial Analyst,3,Technical Degree,Travel_Frequently,20,6033,0,0,0,7,0,4,4,3,2,1,No,3,No
E1417,41,Male,Single,Marketing,Marketing Specialist,1,Business,Travel_Rarely,14,5808,3,3,3,8,3,1,2,2,1,4,No,2,No
E1418,33,Female,Single,R&D,R&D Manager,4,Other,Travel_Rarely,12,7122,0,0,0,3,0,1,1,3,1,3,No,2,Yes
E1419,37,Male,Divorced,R&D,Research Scientist,1,Marketing,Travel_Rarely,8,5238,0,0,0,2,0,4,2,2,1,4,No,2,No
E1420,26,Female,Married,Finance,Financial Analyst,4,Business,Non-Travel,20,7154,2,1,1,4,5,1,4,3,1,1,Yes,3,Yes
E1421,31,Male,Married,IT,IT Support,5,Technical Degree,Travel_Rarely,16,9786,13,1,1,19,3,4,3,3,4,4,Yes,3,No
E1422,44,Female,Single,Finance,Financial Analyst,3,Technical Degree,Travel_Rarely,25,9191,15,10,3,18,5,3,2,2,2,1,No,3,Yes
E1423,47,Female,Married,Operations,Ops Manager,3,Business,Travel_Rarely,6,7682,21,1,1,26,3,2,1,1,3,3,No,2,No
E1424,27,Male,Married,R&D,Research Scientist,1,Technical Degree,Non-Travel,25,7469,9,9,4,9,1,4,3,1,2,1,No,3,Yes
E1425,55,Male,Single,Operations,Ops Manager,3,Human Resources,Travel_Rarely,13,9570,19,4,4,27,4,2,3,4,1,1,No,3,No
E1426,45,Male,Divorced,Marketing,Brand Manager,3,Marketing,Non-Travel,2,6155,9,9,1,12,3,3,3,2,4,1,Yes,3,No
E1427,36,Male,Single,Sales,Sales Manager,5,Life Sciences,Non-Travel,25,5583,0,0,0,8,3,1,3,3,1,1,No,2,No
E1428,34,Female,Single,Customer Support,Support Representative,1,Human Resources,Travel_Rarely,27,4208,0,0,0,9,6,2,2,2,3,1,Yes,3,Yes
E1429,33,Male,Single,HR,HR Specialist,2,Business,Non-Travel,18,5623,11,11,1,20,5,2,2,1,4,4,No,3,Yes
E1430,47,Male,Married,HR,Recruiter,1,Business,Travel_Rarely,6,7193,10,1,0,16,2,1,3,2,1,4,No,2,No
E1431,49,Male,Single,Finance,Finance Manager,3,Marketing,Travel_Rarely,23,9189,21,1,1,30,6,1,4,3,4,1,Yes,3,No
E1432,53,Male,Divorced,Marketing,Brand Manager,2,Technical Degree,Travel_Rarely,18,7699,19,5,0,25,1,3,2,3,1,1,Yes,2,No
E1433,50,Female,Married,HR,HR Specialist,5,Medical,Travel_Rarely,16,6304,6,2,1,7,4,2,3,3,2,2,No,3,No
E1434,28,Female,Single,Operations,Ops Manager,5,Other,Travel_Frequently,14,7902,10,10,1,10,4,2,4,2,2,2,No,3,No
E1435,31,Male,Married,R&D,R&D Manager,3,Other,Non-Travel,18,6077,0,0,0,8,1,1,3,1,2,2,No,2,Yes
E1436,40,Male,Single,R&D,R&D Manager,1,Marketing,Travel_Rarely,10,7024,0,0,0,5,3,1,1,2,2,4,Yes,2,Yes
E1437,36,Male,Divorced,Finance,Financial Analyst,2,Technical Degree,Travel_Rarely,7,8952,13,2,1,15,4,3,4,4,3,1,No,4,No
E1438,32,Male,Married,Sales,Sales Manager,1,Technical Degree,Travel_Frequently,13,5075,0,0,0,3,3,4,1,2,3,3,Yes,2,Yes
E1439,25,Male,Married,Sales,Sales Executive,2,Business,Travel_Frequently,8,5535,5,5,5,7,5,1,1,1,2,1,No,1,No
E1440,35,Male,Married,Operations,Operations Analyst,4,Marketing,Non-Travel,10,7686,17,2,2,24,2,1,4,1,4,2,Yes,3,No
E1441,51,Female,Married,Sales,Account Manager,1,Human Resources,Travel_Rarely,4,9282,20,6,2,23,3,3,2,2,4,1,No,3,No
E1442,58,Female,Married,Operations,Supply Chain Coordinator,5,Marketing,Travel_Rarely,25,5941,8,8,3,16,5,2,4,3,4,1,No,3,Yes
E1443,41,Female,Single,IT,IT Support,4,Medical,Travel_Rarely,10,10235,20,4,2,26,0,3,1,4,1,2,Yes,3,No
E1444,39,Male,Divorced,IT,Software Engineer,1,Human Resources,Travel_Rarely,26,9923,13,10,7,14,2,1,2,3,2,4,Yes,2,No
E1445,55,Male,Single,Sales,Sales Executive,3,Human Resources,Travel_Rarely,26,4916,0,0,0,8,2,2,3,2,4,4,No,3,No
E1446,57,Male,Married,HR,HR Manager,2,Human Resources,Travel_Rarely,19,7408,15,10,5,20,5,4,1,2,2,1,No,2,No
E1447,38,Female,Married,Finance,Finance Manager,4,Technical Degree,Non-Travel,27,8004,12,9,1,15,6,1,2,1,4,1,No,3,Yes
E1448,53,Female,Single,R&D,R&D Manager,5,Technical Degree,Travel_Rarely,20,7735,5,2,2,13,6,3,1,3,2,2,Yes,2,No
E1449,33,Male,Single,R&D,Lab Technician,4,Technical Degree,Non-Travel,21,5381,0,0,0,5,5,2,3,2,1,2,No,2,No
E1450,22,Male,Divorced,Customer Support,Support Representative,2,Technical Degree,Non-Travel,22,4912,0,0,0,6,6,4,2,3,3,3,Yes,4,No
E1451,56,Male,Single,Sales,Sales Manager,2,Human Resources,Non-Travel,10,6039,10,3,3,18,4,3,3,4,1,3,No,2,No
E1452,42,Male,Single,IT,Software Engineer,5,Life Sciences,Travel_Rarely,9,8578,4,4,4,8,2,1,4,4,4,3,Yes,2,No
E1453,21,Female,Single,Marketing,Brand Manager,3,Medical,Non-Travel,2,5599,3,1,1,4,0,4,3,2,2,4,Yes,2,No
E1454,23,Male,Single,Sales,Sales Manager,1,Human Resources,Travel_Frequently,12,4621,0,0,0,2,6,3,1,2,4,4,Yes,3,No
E1455,37,Male,Married,R&D,R&D Manager,1,Other,Travel_Rarely,14,6055,1,1,1,3,6,2,4,1,2,1,Yes,3,Yes
E1456,32,Female,Single,Finance,Accountant,4,Marketing,Travel_Rarely,16,6267,0,0,0,6,0,4,2,4,1,4,No,2,No
E1457,42,Male,Single,IT,IT Manager,2,Technical Degree,Non-Travel,29,8491,10,5,4,15,3,1,1,2,3,4,Yes,2,No
E1458,26,Male,Married,Sales,Sales Executive,5,Other,Travel_Rarely,29,6066,6,6,3,12,3,1,1,4,4,3,No,2,No
E1459,36,Male,Married,IT,Software Engineer,1,Other,Non-Travel,27,8177,11,9,2,17,5,3,3,4,3,4,No,3,No
E1460,30,Male,Married,Sales,Account Manager,1,Business,Travel_Frequently,15,7003,11,2,2,20,6,2,2,4,3,1,No,3,No
E1461,49,Female,Single,R&D,Lab Technician,3,Business,Travel_Rarely,26,8235,11,5,0,16,1,2,1,2,4,4,Yes,2,Yes
E1462,23,Female,Married,Sales,Account Manager,5,Marketing,Non-Travel,4,6968,5,4,0,7,3,1,2,2,3,4,No,2,Yes
E1463,51,Female,Married,Customer Support,Support Team Lead,1,Human Resources,Travel_Rarely,7,7728,16,1,1,19,6,1,1,4,1,3,Yes,3,Yes
E1464,44,Male,Divorced,Customer Support,Support Representative,2,Life Sciences,Travel_Rarely,27,3966,3,3,3,10,3,1,3,1,1,4,No,2,Yes
E1465,49,Female,Married,HR,HR Specialist,2,Business,Travel_Rarely,5,7232,9,8,1,15,4,1,2,2,1,4,No,2,No
E1466,29,Male,Married,Operations,Operations Analyst,5,Human Resources,Travel_Rarely,14,5968,9,9,2,11,5,2,4,4,1,4,Yes,2,No
E1467,33,Male,Divorced,Sales,Sales Manager,1,Technical Degree,Non-Travel,5,6203,10,9,4,16,1,3,1,4,1,4,Yes,2,Yes
E1468,58,Female,Divorced,Finance,Finance Manager,2,Other,Travel_Rarely,17,6160,5,5,3,14,4,1,4,3,3,3,No,2,No
E1469,40,Female,Single,R&D,Lab Technician,5,Other,Travel_Rarely,18,10106,19,9,5,28,3,1,4,4,4,3,No,2,No
E1470,47,Male,Married,Finance,Accountant,3,Business,Travel_Frequently,25,10083,19,9,7,22,0,3,4,4,2,3,Yes,3,No
E1471,27,Female,Single,R&D,R&D Manager,3,Technical Degree,Travel_Rarely,12,6541,0,0,0,2,4,1,2,2,3,2,No,2,Yes
E1472,40,Female,Single,Operations,Supply Chain Coordinator,4,Medical,Travel_Frequently,28,7929,20,10,3,26,2,3,1,4,1,2,Yes,2,No
E1473,23,Female,Single,HR,HR Specialist,3,Marketing,Travel_Rarely,6,5998,5,0,0,7,3,4,2,4,1,1,No,3,No
E1474,46,Male,Married,Finance,Financial Analyst,1,Other,Travel_Frequently,1,5040,0,0,0,4,0,4,4,2,4,3,No,4,No
E1475,23,Female,Single,Finance,Financial Analyst,4,Medical,Travel_Frequently,19,6752,0,0,0,7,3,3,3,4,4,1,Yes,3,No
E1476,42,Female,Divorced,R&D,R&D Manager,3,Business,Travel_Rarely,23,8755,12,7,6,14,5,1,3,2,2,2,No,2,No
E1477,51,Female,Married,Finance,Financial Analyst,5,Other,Non-Travel,26,8950,17,1,1,26,2,1,4,2,4,4,No,2,No
E1478,23,Female,Married,Operations,Operations Analyst,5,Technical Degree,Travel_Frequently,22,5640,0,0,0,0,5,4,4,4,2,1,No,3,No
E1479,42,Female,Single,Operations,Ops Manager,4,Business,Travel_Rarely,23,6655,4,2,2,8,0,4,2,1,1,4,Yes,2,Yes
E1480,42,Male,Married,Sales,Sales Executive,2,Business,Travel_Frequently,3,9903,18,9,1,26,3,3,3,1,3,2,No,3,No
E1481,41,Female,Divorced,Operations,Supply Chain Coordinator,3,Human Resources,Non-Travel,1,7231,8,4,4,17,1,3,2,1,2,4,No,2,No
E1482,50,Female,Married,Sales,Account Manager,3,Human Resources,Travel_Rarely,1,8810,21,11,1,25,3,1,1,1,3,3,No,2,No
E1483,47,Male,Single,Operations,Operations Analyst,5,Life Sciences,Non-Travel,29,8177,17,9,0,19,2,4,1,1,4,4,No,4,No
E1484,38,Male,Married,Marketing,Marketing Specialist,1,Other,Travel_Frequently,16,5464,6,6,6,8,5,1,1,3,3,4,No,2,No
E1485,47,Male,Single,Operations,Supply Chain Coordinator,4,Life Sciences,Non-Travel,18,4733,2,2,1,10,3,2,3,2,2,2,No,3,Yes
E1486,53,Male,Married,Marketing,Marketing Manager,2,Other,Travel_Frequently,5,10207,21,0,0,30,1,2,1,2,4,4,No,3,No
E1487,46,Male,Divorced,R&D,R&D Manager,4,Marketing,Non-Travel,16,11681,19,8,1,20,2,1,2,3,3,2,Yes,2,No
E1488,58,Male,Single,Customer Support,Support Team Lead,1,Marketing,Travel_Rarely,13,5509,10,5,3,19,3,1,3,3,1,1,No,2,No
E1489,40,Male,Married,IT,Software Engineer,1,Business,Travel_Frequently,10,8797,8,8,1,11,1,1,4,4,3,1,No,3,No
E1490,59,Male,Single,Finance,Finance Manager,2,Technical Degree,Travel_Rarely,11,7343,8,7,7,9,1,3,4,1,2,4,Yes,3,No
E1491,51,Male,Married,R&D,R&D Manager,5,Human Resources,Travel_Frequently,1,7907,13,1,1,13,5,2,3,2,4,3,No,3,No
E1492,45,Male,Single,IT,Software Engineer,3,Life Sciences,Travel_Rarely,10,7162,8,4,3,8,5,1,3,3,2,3,Yes,2,Yes
E1493,27,Male,Single,Finance,Finance Manager,5,Medical,Travel_Rarely,25,6778,9,0,0,13,1,1,2,1,2,2,No,2,No
E1494,46,Female,Single,Sales,Sales Manager,4,Life Sciences,Travel_Frequently,17,8717,17,6,6,22,4,3,1,3,4,2,Yes,3,Yes
E1495,46,Female,Married,R&D,R&D Manager,2,Human Resources,Travel_Rarely,3,8307,11,6,6,14,5,2,4,1,2,4,No,2,No
E1496,27,Female,Single,Sales,Sales Executive,2,Other,Non-Travel,23,6071,0,0,0,5,4,3,2,4,4,4,Yes,3,No
E1497,33,Male,Married,Finance,Financial Analyst,5,Life Sciences,Travel_Frequently,22,7223,8,2,2,12,3,2,4,3,4,3,Yes,3,Yes
E1498,35,Female,Single,R&D,Lab Technician,5,Medical,Travel_Rarely,8,7464,2,2,2,11,1,4,3,2,1,4,No,2,No
E1499,25,Female,Divorced,Sales,Sales Executive,3,Business,Non-Travel,21,7652,7,7,1,8,1,1,2,2,3,1,No,2,Yes
E1500,41,Male,Married,Marketing,Brand Manager,2,Human Resources,Travel_Rarely,21,6245,1,1,1,9,0,2,3,1,2,1,No,2,No
E1501,48,Female,Married,R&D,Research Scientist,4,Technical Degree,Travel_Frequently,23,10551,14,4,0,18,1,4,1,1,3,4,No,2,Yes
E1502,27,Male,Divorced,Customer Support,Support Representative,4,Business,Travel_Rarely,25,4589,6,3,3,14,5,4,2,3,2,2,Yes,3,No
E1503,55,Female,Single,Operations,Operations Analyst,3,Life Sciences,Travel_Rarely,26,8367,14,11,1,20,1,4,2,4,2,1,Yes,2,No
E1504,44,Male,Divorced,R&D,Research Scientist,1,Marketing,Travel_Rarely,6,8783,15,6,3,20,0,3,1,3,1,2,Yes,2,No
E1505,26,Male,Married,R&D,Lab Technician,2,Other,Travel_Rarely,13,9192,8,4,3,9,5,4,3,3,3,4,No,3,No
E1506,38,Male,Divorced,Sales,Sales Manager,4,Marketing,Travel_Rarely,2,9270,14,6,0,19,4,4,1,1,2,2,No,3,No
E1507,24,Male,Single,R&D,R&D Manager,3,Business,Travel_Rarely,15,8421,6,6,1,11,3,2,3,2,2,3,No,3,No
E1508,55,Male,Single,Finance,Finance Manager,2,Marketing,Travel_Frequently,24,9182,17,2,2,18,6,3,1,1,1,4,Yes,3,Yes
E1509,41,Female,Single,Sales,Account Manager,1,Human Resources,Travel_Rarely,3,5194,0,0,0,3,0,2,1,3,3,1,Yes,2,No
E1510,27,Female,Married,Finance,Financial Analyst,1,Life Sciences,Travel_Rarely,23,6264,3,3,3,7,4,2,4,3,1,2,No,2,No
E1511,38,Female,Divorced,Sales,Account Manager,2,Human Resources,Travel_Frequently,29,6346,5,5,2,14,5,4,3,2,4,3,No,3,No
E1512,52,Male,Married,Sales,Sales Executive,4,Technical Degree,Travel_Rarely,5,7766,8,4,4,14,3,3,2,2,3,4,Yes,3,No
E1513,24,Female,Married,Sales,Account Manager,2,Technical Degree,Travel_Rarely,23,6052,6,6,3,6,3,2,4,4,3,4,Yes,2,No
E1514,59,Male,Married,R&D,Lab Technician,3,Marketing,Travel_Frequently,22,8359,11,10,7,12,0,3,4,4,3,1,No,3,No
E1515,30,Male,Married,Operations,Supply Chain Coordinator,4,Human Resources,Travel_Rarely,6,7342,10,1,1,17,2,3,3,3,3,3,No,3,No
E1516,39,Female,Single,R&D,Research Scientist,5,Other,Travel_Rarely,9,7565,7,1,1,12,2,1,1,3,2,2,No,2,No
E1517,41,Female,Single,Operations,Operations Analyst,3,Life Sciences,Travel_Rarely,19,7280,10,0,0,12,2,3,4,1,3,3,Yes,3,No
E1518,58,Male,Divorced,Finance,Financial Analyst,5,Medical,Travel_Frequently,9,7023,9,9,4,17,6,3,3,2,3,4,No,3,Yes
E1519,26,Female,Single,R&D,Lab Technician,5,Life Sciences,Travel_Rarely,21,7518,8,5,5,11,4,3,2,2,2,4,No,2,No
E1520,50,Male,Single,Customer Support,Support Representative,1,Marketing,Travel_Rarely,13,7219,14,2,2,19,6,2,2,1,3,4,No,2,Yes
E1521,43,Male,Married,IT,IT Manager,5,Other,Travel_Rarely,25,7698,4,4,3,11,3,3,4,2,4,1,No,3,No
E1522,49,Male,Single,Sales,Sales Manager,4,Technical Degree,Travel_Rarely,19,7465,19,5,5,24,6,2,4,1,1,1,Yes,3,No
E1523,24,Male,Married,HR,HR Specialist,2,Medical,Non-Travel,3,6527,6,1,1,11,1,4,1,1,2,1,No,3,No
E1524,48,Male,Single,Finance,Finance Manager,4,Human Resources,Non-Travel,6,6441,8,8,2,8,6,1,3,4,3,1,No,2,No
E1525,46,Female,Married,R&D,R&D Manager,5,Technical Degree,Travel_Frequently,12,10453,15,3,1,17,2,4,3,1,4,4,Yes,4,No
E1526,33,Male,Married,R&D,Research Scientist,2,Technical Degree,Travel_Rarely,16,6795,0,0,0,6,6,1,2,4,3,3,Yes,2,No
E1527,45,Female,Single,Customer Support,Support Team Lead,2,Business,Non-Travel,4,6448,10,4,0,13,4,2,4,2,1,4,Yes,3,No
E1528,24,Male,Single,Operations,Supply Chain Coordinator,4,Human Resources,Non-Travel,3,5041,6,6,1,10,0,4,4,3,2,4,No,3,Yes
E1529,50,Female,Single,IT,IT Manager,4,Medical,Travel_Rarely,23,6089,2,2,2,5,2,2,4,3,1,3,No,2,No
E1530,30,Female,Married,R&D,Research Scientist,1,Medical,Travel_Rarely,6,5809,0,0,0,4,2,1,2,1,3,4,No,2,Yes
E1531,56,Male,Married,Operations,Supply Chain Coordinator,5,Medical,Travel_Frequently,22,7733,10,10,2,19,5,4,2,3,2,2,Yes,2,No
E1532,51,Female,Married,Finance,Financial Analyst,1,Business,Travel_Rarely,2,8490,15,4,2,16,1,2,2,2,2,1,No,2,No
E1533,57,Male,Divorced,Marketing,Marketing Manager,5,Human Resources,Non-Travel,12,8242,17,11,3,23,4,1,2,4,3,2,No,3,Yes
E1534,25,Male,Single,Sales,Sales Executive,1,Other,Travel_Frequently,5,5916,0,0,0,2,1,4,2,1,1,1,Yes,3,Yes
E1535,51,Male,Single,Sales,Sales Manager,5,Technical Degree,Travel_Rarely,7,8897,13,9,3,20,3,2,4,4,2,2,No,2,No
E1536,28,Male,Married,Marketing,Marketing Manager,1,Other,Travel_Frequently,7,6368,10,9,6,18,4,1,2,3,2,3,No,2,No
E1537,43,Female,Single,IT,IT Support,5,Human Resources,Travel_Rarely,27,8908,14,11,1,20,0,2,4,2,4,3,Yes,4,No
E1538,52,Female,Single,Sales,Sales Executive,1,Technical Degree,Travel_Rarely,5,4445,0,0,0,2,2,1,3,3,4,4,No,3,Yes
E1539,48,Male,Married,IT,IT Support,3,Life Sciences,Travel_Frequently,6,10879,20,9,5,29,3,4,1,4,1,4,No,2,No
E1540,59,Male,Single,HR,Recruiter,4,Technical Degree,Travel_Frequently,27,6776,18,9,7,23,6,1,3,1,3,1,Yes,3,No
E1541,42,Male,Married,Sales,Sales Manager,4,Marketing,Travel_Rarely,2,6342,3,2,2,10,0,3,2,4,3,3,Yes,2,No
E1542,47,Male,Married,R&D,R&D Manager,3,Other,Non-Travel,13,8610,18,6,2,24,1,2,3,1,3,1,No,2,No
E1543,48,Female,Married,Sales,Sales Manager,3,Technical Degree,Travel_Rarely,21,6082,1,1,1,1,4,2,2,3,4,2,No,2,No
E1544,44,Female,Single,Finance,Financial Analyst,1,Business,Travel_Rarely,8,7785,4,4,4,4,6,3,2,2,1,4,Yes,2,Yes
E1545,45,Male,Single,Customer Support,Support Representative,5,Human Resources,Travel_Rarely,21,4037,0,0,0,1,4,1,1,1,3,1,No,2,Yes
E1546,50,Male,Married,R&D,Research Scientist,5,Life Sciences,Travel_Rarely,7,7263,9,8,7,10,0,1,1,3,1,1,No,2,No
E1547,44,Male,Married,Operations,Operations Analyst,2,Human Resources,Non-Travel,26,7012,10,5,5,17,2,4,3,1,3,3,No,3,Yes
E1548,58,Male,Married,R&D,Lab Technician,2,Business,Travel_Rarely,2,11674,20,1,1,24,5,1,1,1,3,1,Yes,2,No
E1549,25,Female,Divorced,Sales,Sales Manager,2,Technical Degree,Travel_Frequently,17,6179,7,7,3,8,1,3,3,2,4,2,No,3,No
E1550,21,Male,Single,Customer Support,Support Team Lead,3,Life Sciences,Travel_Rarely,19,4906,0,0,0,2,2,2,2,1,4,4,No,2,Yes
E1551,50,Female,Married,IT,IT Support,4,Technical Degree,Travel_Rarely,17,9168,9,9,0,14,6,3,4,2,2,4,No,3,No
E1552,25,Female,Married,Sales,Account Manager,1,Other,Travel_Rarely,29,5632,0,0,0,4,4,3,3,2,2,4,No,3,No
E1553,28,Male,Single,R&D,R&D Manager,4,Medical,Non-Travel,12,6132,0,0,0,0,5,4,3,3,3,3,No,3,Yes
E1554,46,Female,Married,Finance,Finance Manager,4,Technical Degree,Non-Travel,24,11310,21,6,0,26,4,2,4,1,3,1,No,2,No
E1555,51,Female,Married,Marketing,Brand Manager,2,Life Sciences,Travel_Rarely,23,9076,20,11,4,29,5,3,3,4,3,2,No,3,No
E1556,26,Female,Single,R&D,Lab Technician,4,Technical Degree,Travel_Rarely,13,9111,7,7,1,7,5,4,2,2,2,3,Yes,3,No
E1557,57,Male,Single,Sales,Account Manager,4,Technical Degree,Travel_Rarely,22,7622,11,9,2,20,3,3,3,1,3,4,No,3,No
E1558,58,Female,Married,R&D,R&D Manager,4,Life Sciences,Travel_Rarely,13,9665,11,3,3,13,5,4,1,4,3,4,No,2,Yes
E1559,40,Male,Married,Finance,Accountant,2,Human Resources,Travel_Frequently,27,8563,16,1,1,20,1,3,1,1,1,4,No,2,No
E1560,51,Female,Single,IT,IT Manager,4,Marketing,Travel_Rarely,23,10467,20,1,1,23,5,1,2,1,4,2,No,3,No
E1561,48,Female,Divorced,Sales,Sales Executive,5,Marketing,Travel_Rarely,24,9078,19,5,5,26,5,3,4,1,1,4,No,2,No
E1562,47,Male,Divorced,Operations,Supply Chain Coordinator,3,Human Resources,Travel_Rarely,22,9619,19,11,5,22,1,4,2,1,2,2,No,3,No
E1563,21,Male,Single,Operations,Supply Chain Coordinator,4,Medical,Travel_Rarely,3,5815,3,3,2,5,6,3,2,1,4,2,No,3,No
E1564,27,Male,Single,R&D,Lab Technician,1,Life Sciences,Travel_Rarely,22,7112,6,6,2,9,0,3,4,2,4,3,No,2,No
E1565,55,Female,Single,HR,HR Specialist,2,Human Resources,Travel_Rarely,23,6080,8,6,5,9,1,4,1,3,2,2,Yes,2,No
E1566,47,Male,Married,Sales,Sales Manager,2,Technical Degree,Travel_Rarely,21,5040,0,0,0,6,6,1,1,4,2,4,No,2,No
E1567,32,Male,Married,Finance,Finance Manager,3,Life Sciences,Travel_Frequently,26,9230,12,7,5,16,1,2,3,1,4,3,No,3,No
E1568,50,Female,Single,Marketing,Brand Manager,2,Medical,Non-Travel,11,7732,15,11,4,17,2,4,1,2,2,3,No,3,No
E1569,25,Male,Married,R&D,Research Scientist,4,Business,Travel_Rarely,18,6010,2,1,1,9,0,2,2,1,4,2,No,3,No
E1570,40,Male,Single,Finance,Accountant,3,Other,Travel_Rarely,29,7521,4,4,4,13,2,2,4,2,2,1,No,3,Yes
E1571,37,Female,Single,Operations,Supply Chain Coordinator,3,Human Resources,Travel_Rarely,24,4767,0,0,0,1,1,1,1,1,3,1,No,3,Yes
E1572,35,Male,Divorced,Sales,Sales Executive,2,Life Sciences,Non-Travel,22,6632,12,11,0,17,5,4,3,3,3,2,No,4,No
E1573,27,Male,Divorced,R&D,Research Scientist,4,Other,Travel_Rarely,19,6643,0,0,0,1,6,3,2,3,3,1,No,4,No
E1574,24,Female,Divorced,R&D,Research Scientist,4,Other,Travel_Rarely,16,7781,2,2,2,3,0,1,2,3,4,3,Yes,2,No
E1575,33,Male,Married,R&D,Research Scientist,3,Other,Travel_Rarely,12,6655,0,0,0,3,3,3,2,1,1,1,No,2,No
E1576,57,Male,Single,Operations,Supply Chain Coordinator,4,Medical,Travel_Frequently,28,6400,8,2,0,11,2,2,3,3,1,2,No,2,No
E1577,29,Female,Married,Sales,Sales Executive,1,Human Resources,Travel_Rarely,11,5663,0,0,0,3,6,2,4,2,1,2,No,3,No
E1578,30,Male,Married,Finance,Accountant,2,Technical Degree,Non-Travel,19,9785,12,2,2,20,5,4,2,1,1,4,No,3,No
E1579,57,Female,Single,Marketing,Brand Manager,3,Medical,Non-Travel,16,9941,18,4,1,24,4,3,4,2,1,2,No,3,No
E1580,48,Female,Divorced,Sales,Sales Executive,1,Life Sciences,Travel_Rarely,1,5121,0,0,0,5,5,3,2,3,3,3,No,3,No
E1581,55,Male,Married,Sales,Account Manager,1,Life Sciences,Travel_Frequently,17,7109,4,4,2,11,5,1,3,2,3,3,Yes,3,No
E1582,36,Female,Divorced,IT,IT Support,5,Medical,Travel_Rarely,7,8578,8,1,1,16,5,2,2,4,4,4,Yes,3,Yes
E1583,39,Male,Single,IT,IT Manager,2,Human Resources,Travel_Frequently,3,6519,0,0,0,5,3,2,2,1,1,4,No,2,Yes
E1584,23,Female,Single,R&D,Lab Technician,1,Other,Travel_Rarely,8,5987,0,0,0,8,5,3,3,3,2,3,No,3,No
E1585,45,Female,Married,IT,Software Engineer,4,Marketing,Travel_Frequently,2,5892,0,0,0,4,3,2,3,3,1,3,No,3,Yes
E1586,27,Male,Married,R&D,Research Scientist,5,Medical,Travel_Rarely,9,5876,0,0,0,4,0,1,1,1,2,3,No,2,Yes
E1587,30,Male,Married,Sales,Sales Manager,3,Human Resources,Travel_Rarely,12,4631,0,0,0,5,1,3,2,2,1,4,No,2,No
E1588,54,Male,Single,Operations,Ops Manager,1,Business,Travel_Rarely,24,9688,22,5,3,25,3,4,2,3,3,2,No,3,No
E1589,42,Female,Married,Sales,Sales Executive,2,Technical Degree,Travel_Rarely,4,7990,10,0,0,19,6,4,1,2,4,1,No,3,No
E1590,34,Male,Married,R&D,Lab Technician,5,Other,Non-Travel,10,10139,14,7,1,22,6,4,4,4,3,1,No,3,No
E1591,53,Male,Married,Operations,Ops Manager,5,Medical,Travel_Frequently,1,5892,7,0,0,8,2,2,4,4,4,1,No,3,No
E1592,54,Male,Single,R&D,Lab Technician,4,Other,Travel_Rarely,13,6076,0,0,0,3,0,1,1,4,2,4,No,2,No
E1593,27,Female,Married,Sales,Account Manager,5,Technical Degree,Non-Travel,13,7034,9,3,3,13,5,3,1,4,3,2,Yes,3,No
E1594,59,Male,Married,IT,Software Engineer,3,Business,Travel_Rarely,17,12305,18,11,3,24,2,2,3,1,2,2,Yes,2,Yes
E1595,38,Female,Divorced,R&D,Research Scientist,2,Life Sciences,Travel_Rarely,3,9057,14,8,0,21,4,4,3,4,1,2,No,3,No
E1596,53,Female,Married,R&D,R&D Manager,1,Other,Travel_Rarely,17,8658,17,9,6,25,3,3,4,2,3,4,No,3,No
E1597,24,Male,Married,Finance,Accountant,1,Marketing,Travel_Rarely,26,6036,6,0,0,11,5,1,4,1,3,2,No,3,No
E1598,40,Male,Divorced,IT,IT Support,3,Life Sciences,Travel_Rarely,19,9538,13,7,6,14,2,3,3,4,1,4,Yes,2,No
E1599,24,Male,Married,R&D,Lab Technician,5,Marketing,Non-Travel,13,6058,0,0,0,0,5,4,1,2,2,2,No,2,No
E1600,58,Male,Married,Finance,Accountant,1,Business,Non-Travel,1,10992,19,4,4,21,5,1,1,1,2,2,Yes,2,Yes
E1601,31,Female,Married,Marketing,Brand Manager,5,Business,Travel_Rarely,28,7046,10,2,2,14,1,3,1,2,4,4,No,3,No
E1602,57,Male,Married,Customer Support,Support Representative,4,Life Sciences,Travel_Frequently,29,4766,2,2,2,8,6,3,2,2,3,2,No,2,Yes
E1603,25,Male,Married,Operations,Operations Analyst,4,Life Sciences,Travel_Rarely,17,5410,7,2,0,11,4,1,3,3,1,1,No,2,Yes
E1604,48,Male,Single,Marketing,Marketing Manager,4,Technical Degree,Travel_Rarely,29,5855,2,2,1,5,5,2,3,2,3,1,No,3,No
E1605,57,Male,Single,R&D,Lab Technician,3,Life Sciences,Non-Travel,23,10875,20,5,3,28,2,4,3,2,4,3,No,2,No
E1606,33,Male,Married,R&D,Research Scientist,5,Life Sciences,Travel_Rarely,23,7019,0,0,0,9,0,4,3,1,4,1,No,2,No
E1607,49,Male,Married,Sales,Sales Manager,4,Business,Travel_Rarely,3,9244,20,4,2,25,6,4,4,3,4,3,No,3,No
E1608,21,Female,Divorced,R&D,Research Scientist,2,Technical Degree,Travel_Rarely,19,7568,1,1,1,10,0,1,1,1,4,4,No,2,Yes
E1609,25,Male,Married,R&D,R&D Manager,1,Business,Travel_Frequently,7,8311,6,6,4,8,5,2,3,1,2,2,No,2,Yes
E1610,36,Male,Married,Marketing,Marketing Manager,5,Human Resources,Travel_Rarely,24,8079,18,8,0,23,2,4,3,3,1,2,No,3,No
E1611,46,Female,Divorced,Customer Support,Support Team Lead,5,Life Sciences,Travel_Rarely,26,8094,21,7,5,26,6,4,4,3,2,2,Yes,3,No
E1612,39,Male,Married,Sales,Account Manager,4,Medical,Travel_Rarely,14,9600,16,8,2,20,5,3,3,2,2,1,No,3,No
E1613,58,Female,Single,Operations,Operations Analyst,5,Technical Degree,Travel_Rarely,21,5469,3,3,1,10,5,2,1,2,1,2,Yes,2,No
E1614,43,Female,Divorced,Customer Support,Support Team Lead,4,Business,Travel_Rarely,4,4428,0,0,0,1,0,2,2,2,3,1,No,3,No
E1615,35,Male,Divorced,IT,Software Engineer,1,Technical Degree,Non-Travel,24,5634,0,0,0,1,6,4,1,4,2,1,Yes,3,No
E1616,54,Male,Divorced,Sales,Sales Manager,5,Other,Non-Travel,22,5612,0,0,0,0,2,4,2,4,1,3,Yes,2,Yes
E1617,33,Male,Married,Operations,Ops Manager,2,Life Sciences,Travel_Rarely,19,5306,5,5,4,12,4,2,2,2,4,2,Yes,2,Yes
E1618,28,Male,Married,Operations,Ops Manager,4,Marketing,Travel_Rarely,19,5159,6,3,3,9,5,3,1,4,4,4,No,3,No
E1619,48,Female,Married,Sales,Sales Executive,5,Technical Degree,Travel_Rarely,14,8184,16,1,1,22,6,4,4,1,1,1,No,3,No
E1620,31,Male,Married,Sales,Sales Manager,4,Technical Degree,Travel_Rarely,5,8337,11,1,1,16,0,3,3,4,2,3,No,3,No
E1621,58,Male,Married,Marketing,Marketing Specialist,2,Other,Travel_Rarely,5,7871,10,0,0,16,2,1,2,2,3,3,No,3,No
E1622,56,Male,Married,Finance,Accountant,4,Human Resources,Non-Travel,5,7415,3,3,3,6,2,3,1,4,4,1,No,3,No
E1623,44,Male,Single,Operations,Supply Chain Coordinator,5,Life Sciences,Travel_Rarely,21,9422,19,5,5,23,6,3,2,2,4,2,No,2,No
E1624,44,Male,Divorced,Sales,Sales Executive,2,Life Sciences,Travel_Rarely,20,7729,16,11,3,23,4,3,3,3,4,1,No,4,No
E1625,36,Male,Single,Sales,Sales Manager,1,Business,Non-Travel,4,5912,6,6,3,12,0,4,2,2,2,2,Yes,2,No
E1626,36,Male,Single,Marketing,Brand Manager,1,Human Resources,Travel_Frequently,14,5038,0,0,0,2,6,1,4,3,2,2,Yes,2,Yes
E1627,25,Female,Married,R&D,R&D Manager,1,Marketing,Travel_Frequently,11,7526,7,5,5,9,5,2,3,1,4,1,No,2,Yes
E1628,47,Female,Single,Finance,Finance Manager,2,Medical,Travel_Rarely,26,8637,13,7,1,17,3,1,4,1,4,1,No,3,No
E1629,30,Female,Single,Marketing,Brand Manager,1,Other,Travel_Rarely,6,6770,12,7,1,17,4,3,2,2,4,3,No,3,No
E1630,29,Male,Single,Sales,Sales Manager,2,Human Resources,Travel_Rarely,24,5001,1,1,1,1,4,4,1,1,1,2,No,3,No
E1631,29,Male,Single,Sales,Sales Manager,2,Business,Non-Travel,19,5467,4,4,4,13,3,2,4,4,1,3,No,1,No
E1632,41,Male,Married,Finance,Accountant,4,Marketing,Travel_Rarely,10,6844,0,0,0,0,2,3,1,3,2,3,Yes,3,No
E1633,58,Male,Divorced,Operations,Ops Manager,4,Business,Travel_Rarely,18,6031,8,8,2,10,1,2,2,1,4,4,No,3,No
E1634,58,Female,Divorced,R&D,Research Scientist,5,Technical Degree,Travel_Rarely,11,5927,0,0,0,7,1,3,4,4,1,4,No,3,No
E1635,51,Female,Divorced,Finance,Finance Manager,3,Other,Travel_Frequently,21,8560,12,7,5,17,4,3,4,1,1,3,No,2,No
E1636,45,Female,Married,Marketing,Marketing Manager,2,Other,Travel_Rarely,4,5262,4,4,4,7,1,1,4,2,4,4,No,2,No
E1637,21,Male,Single,IT,Software Engineer,2,Life Sciences,Non-Travel,22,6755,2,2,1,2,5,2,1,3,1,4,No,2,Yes
E1638,27,Male,Married,R&D,R&D Manager,4,Marketing,Travel_Rarely,13,7917,7,4,2,12,0,3,2,1,4,3,Yes,3,No
E1639,21,Male,Married,Marketing,Marketing Specialist,2,Other,Travel_Rarely,3,5049,3,1,0,12,4,1,2,1,4,4,No,2,No
E1640,48,Male,Divorced,Sales,Sales Manager,3,Marketing,Travel_Frequently,27,5199,0,0,0,3,2,1,3,3,4,4,No,3,No
E1641,23,Female,Divorced,HR,HR Specialist,3,Life Sciences,Travel_Rarely,19,5952,5,4,3,7,0,1,2,4,4,4,Yes,2,Yes
E1642,54,Male,Single,Marketing,Marketing Specialist,5,Human Resources,Travel_Frequently,8,9637,23,10,5,28,6,4,1,2,1,2,No,3,No
E1643,34,Female,Single,R&D,Research Scientist,3,Other,Travel_Rarely,13,10331,16,1,1,20,5,1,1,3,3,4,No,2,Yes
E1644,38,Male,Divorced,Operations,Ops Manager,2,Other,Non-Travel,2,6029,9,7,3,16,5,3,3,1,4,4,No,3,No
E1645,44,Male,Single,R&D,Lab Technician,5,Other,Travel_Rarely,8,8435,9,7,0,13,1,2,1,2,1,1,No,2,No
E1646,32,Female,Married,Operations,Supply Chain Coordinator,5,Life Sciences,Non-Travel,15,5708,0,0,0,7,4,3,2,4,2,2,Yes,3,No
E1647,55,Female,Divorced,Finance,Financial Analyst,1,Business,Travel_Frequently,7,9471,22,1,1,22,5,1,2,4,3,4,No,3,No
E1648,28,Male,Single,HR,Recruiter,4,Technical Degree,Travel_Rarely,14,5184,4,4,0,13,3,4,3,4,2,4,No,3,No
E1649,36,Male,Married,Sales,Account Manager,3,Other,Travel_Rarely,17,8500,13,1,1,19,2,2,1,2,1,3,No,3,No
E1650,38,Male,Single,R&D,Research Scientist,3,Medical,Non-Travel,1,9056,13,9,7,20,4,2,4,3,4,4,No,3,No
E1651,27,Male,Married,Marketing,Brand Manager,2,Technical Degree,Travel_Frequently,12,6774,9,6,0,9,3,3,4,2,1,3,No,3,No
E1652,28,Female,Married,Sales,Account Manager,4,Business,Travel_Rarely,9,4840,0,0,0,2,0,2,2,3,2,4,No,3,No
E1653,56,Male,Divorced,Marketing,Marketing Manager,2,Technical Degree,Travel_Rarely,18,7348,6,6,3,6,0,2,3,2,4,3,No,2,No
E1654,35,Male,Married,IT,IT Support,4,Business,Non-Travel,1,7830,7,7,2,14,1,2,4,3,3,1,No,2,No
E1655,43,Male,Single,IT,Software Engineer,1,Business,Travel_Rarely,8,6200,0,0,0,5,4,2,1,3,4,4,No,3,No
E1656,57,Male,Married,Finance,Finance Manager,1,Marketing,Non-Travel,13,6682,1,1,1,4,2,1,4,4,2,1,No,2,No
E1657,22,Male,Single,Finance,Financial Analyst,3,Other,Travel_Rarely,15,6363,0,0,0,3,1,2,3,3,3,4,No,3,No
E1658,54,Male,Single,Finance,Financial Analyst,5,Technical Degree,Travel_Rarely,20,8221,6,6,6,12,3,3,1,3,3,3,No,2,No
E1659,27,Male,Single,Finance,Accountant,4,Business,Travel_Frequently,27,7670,7,1,1,14,5,1,4,4,2,4,Yes,2,No
E1660,33,Female,Single,IT,IT Manager,5,Technical Degree,Travel_Rarely,19,8333,15,4,4,24,4,4,2,3,4,4,No,3,No
E1661,58,Male,Divorced,Finance,Accountant,2,Medical,Travel_Frequently,10,9921,20,3,3,26,6,1,2,4,2,4,Yes,2,No
E1662,47,Male,Married,Finance,Finance Manager,4,Business,Travel_Rarely,2,8466,12,11,0,12,2,1,3,3,4,4,No,3,No
E1663,55,Male,Married,Marketing,Marketing Specialist,5,Business,Non-Travel,18,7440,6,4,4,12,3,2,4,2,2,4,No,2,No
E1664,52,Male,Married,R&D,Lab Technician,5,Medical,Travel_Rarely,26,9286,12,2,2,12,3,4,4,1,2,4,Yes,3,No
E1665,48,Female,Divorced,Sales,Account Manager,1,Medical,Travel_Rarely,12,8378,22,5,2,25,2,1,2,2,2,3,No,2,No
E1666,45,Female,Married,IT,Software Engineer,1,Other,Travel_Rarely,28,8459,4,1,1,7,4,2,2,1,2,4,No,2,No
E1667,22,Male,Married,R&D,Lab Technician,5,Medical,Non-Travel,15,7171,0,0,0,2,3,4,3,4,3,1,No,3,No
E1668,41,Female,Married,Finance,Accountant,2,Technical Degree,Non-Travel,18,6744,6,3,3,14,3,3,2,2,2,4,Yes,3,Yes
E1669,51,Male,Single,HR,HR Specialist,5,Other,Travel_Rarely,5,6642,13,1,1,19,5,3,2,2,2,1,No,3,No
E1670,37,Male,Single,Operations,Supply Chain Coordinator,3,Human Resources,Travel_Frequently,18,4200,0,0,0,7,5,1,4,1,1,4,Yes,3,Yes
E1671,32,Female,Married,Sales,Sales Executive,4,Marketing,Travel_Rarely,23,5395,0,0,0,8,0,2,2,2,3,4,No,3,Yes
E1672,53,Male,Married,R&D,Lab Technician,2,Medical,Non-Travel,25,9350,17,2,2,23,3,1,4,2,4,1,Yes,3,No
E1673,54,Male,Married,R&D,R&D Manager,2,Human Resources,Non-Travel,17,9267,21,9,6,23,4,4,4,1,3,1,No,3,No
E1674,55,Female,Divorced,Marketing,Brand Manager,1,Technical Degree,Travel_Rarely,2,6957,8,4,4,17,5,2,2,2,4,3,Yes,3,No
E1675,22,Female,Married,HR,HR Manager,1,Life Sciences,Non-Travel,14,5409,0,0,0,0,1,4,3,2,1,3,No,3,No
E1676,24,Male,Divorced,Customer Support,Support Representative,4,Marketing,Travel_Rarely,28,4984,0,0,0,4,5,1,2,4,2,1,No,3,No
E1677,33,Female,Single,IT,Software Engineer,1,Technical Degree,Travel_Rarely,5,6609,0,0,0,9,5,4,1,4,4,4,Yes,3,No
E1678,56,Male,Married,Customer Support,Support Representative,2,Marketing,Travel_Rarely,1,4961,0,0,0,7,3,3,1,1,2,3,Yes,3,No
E1679,40,Female,Single,Sales,Account Manager,3,Marketing,Travel_Rarely,19,6782,7,7,0,9,6,1,3,3,2,3,No,3,No
E1680,38,Female,Single,Sales,Sales Executive,5,Human Resources,Travel_Rarely,12,5570,4,4,1,11,2,2,4,2,3,3,No,3,No
E1681,50,Female,Married,Marketing,Marketing Specialist,1,Life Sciences,Non-Travel,7,6422,9,4,0,10,2,3,3,1,1,4,Yes,2,No
E1682,57,Female,Single,Operations,Supply Chain Coordinator,5,Human Resources,Travel_Rarely,11,10205,24,5,5,29,6,2,4,2,4,1,No,3,No
E1683,38,Male,Married,R&D,R&D Manager,4,Human Resources,Travel_Rarely,19,6843,2,2,1,3,1,2,4,3,3,4,No,2,No
E1684,35,Female,Single,R&D,Lab Technician,2,Marketing,Travel_Rarely,8,7264,0,0,0,0,5,3,4,4,2,1,Yes,3,No
E1685,38,Male,Married,Sales,Account Manager,4,Marketing,Non-Travel,16,7037,9,8,4,14,1,3,3,4,2,4,No,3,No
E1686,29,Male,Divorced,Customer Support,Support Team Lead,1,Business,Travel_Rarely,2,6755,11,7,6,16,0,2,1,3,1,4,No,2,No
E1687,55,Male,Single,Sales,Account Manager,3,Business,Travel_Rarely,8,8013,16,9,7,21,2,4,3,2,1,3,Yes,2,No
E1688,58,Male,Single,Marketing,Brand Manager,3,Medical,Travel_Rarely,2,6863,8,4,2,8,4,4,2,4,4,1,No,4,No
E1689,30,Female,Divorced,HR,HR Specialist,4,Human Resources,Travel_Frequently,28,7548,11,5,4,17,5,1,1,2,4,4,No,3,Yes
E1690,57,Male,Single,Marketing,Marketing Manager,1,Life Sciences,Travel_Rarely,12,5995,4,4,2,7,0,4,4,2,3,2,Yes,3,No
E1691,34,Male,Single,Sales,Account Manager,3,Marketing,Non-Travel,23,7303,9,7,5,14,3,4,2,3,3,2,Yes,2,No
E1692,26,Female,Divorced,Finance,Finance Manager,2,Business,Non-Travel,16,7294,8,8,0,14,3,4,3,1,4,2,No,3,No
E1693,45,Female,Married,HR,Recruiter,1,Human Resources,Travel_Rarely,26,5628,6,0,0,14,4,3,1,3,4,4,No,3,No
E1694,29,Male,Married,Operations,Operations Analyst,1,Business,Non-Travel,21,6369,11,7,0,16,6,1,3,4,3,2,Yes,3,No
E1695,39,Female,Married,Sales,Sales Executive,5,Human Resources,Travel_Rarely,22,8211,19,3,0,20,5,1,3,1,3,1,No,2,No
E1696,50,Male,Single,IT,IT Support,1,Marketing,Travel_Rarely,3,10292,20,10,5,27,4,4,3,2,4,3,Yes,3,No
E1697,38,Male,Single,Customer Support,Support Team Lead,1,Business,Non-Travel,5,5899,14,3,2,14,6,4,4,1,4,1,Yes,3,No
E1698,46,Female,Divorced,Sales,Sales Executive,2,Other,Travel_Rarely,3,6612,2,2,2,3,6,2,3,4,1,3,No,3,No
E1699,30,Male,Married,Sales,Sales Executive,1,Life Sciences,Travel_Rarely,4,6392,3,3,2,11,4,2,1,3,4,3,No,3,Yes
E1700,32,Male,Single,Finance,Accountant,4,Marketing,Travel_Frequently,5,6117,2,2,2,2,4,4,4,3,4,4,No,3,Yes
E1701,37,Male,Divorced,HR,HR Specialist,1,Human Resources,Travel_Rarely,3,6011,7,7,5,12,1,4,2,4,2,1,Yes,3,No
E1702,38,Female,Divorced,Operations,Supply Chain Coordinator,3,Other,Travel_Frequently,20,7647,12,6,6,13,0,1,3,4,2,3,No,3,No
E1703,25,Male,Married,Customer Support,Support Team Lead,2,Human Resources,Travel_Rarely,1,4788,0,0,0,9,0,3,4,2,4,3,No,3,No
E1704,22,Female,Divorced,Marketing,Brand Manager,4,Life Sciences,Travel_Rarely,28,5396,4,3,3,8,1,3,3,4,3,2,No,3,No
E1705,41,Female,Married,Marketing,Marketing Specialist,1,Life Sciences,Non-Travel,26,7708,16,0,0,24,4,1,2,4,4,3,No,2,No
E1706,51,Male,Married,IT,IT Support,5,Human Resources,Travel_Rarely,29,7245,7,5,3,13,6,2,3,2,3,1,No,2,No
E1707,48,Male,Single,Operations,Supply Chain Coordinator,2,Human Resources,Non-Travel,26,6836,9,3,2,12,5,1,2,3,1,3,No,2,No
E1708,46,Male,Single,R&D,Lab Technician,1,Other,Non-Travel,26,6040,0,0,0,5,6,1,2,4,1,4,No,2,No
E1709,28,Male,Married,Sales,Account Manager,5,Life Sciences,Travel_Rarely,15,7816,8,6,4,8,4,2,1,3,2,3,Yes,1,Yes
E1710,32,Female,Married,R&D,R&D Manager,4,Human Resources,Travel_Rarely,8,5654,0,0,0,8,2,4,4,4,1,2,No,3,Yes
E1711,28,Male,Married,Operations,Supply Chain Coordinator,3,Marketing,Travel_Rarely,7,4354,0,0,0,8,3,2,4,3,3,3,Yes,3,No
E1712,53,Male,Married,R&D,Lab Technician,1,Medical,Travel_Rarely,4,5631,1,1,1,5,2,3,1,2,4,3,No,4,No
E1713,47,Male,Divorced,R&D,Research Scientist,1,Life Sciences,Travel_Rarely,14,5851,0,0,0,6,1,1,1,2,4,2,No,2,No
E1714,39,Male,Divorced,Operations,Supply Chain Coordinator,2,Life Sciences,Travel_Rarely,12,5649,4,2,1,7,6,2,2,3,1,3,No,3,No
E1715,55,Female,Married,Marketing,Marketing Manager,3,Other,Travel_Frequently,18,5828,8,0,0,11,1,3,3,2,1,3,No,2,No
E1716,44,Male,Divorced,R&D,Research Scientist,5,Marketing,Travel_Rarely,1,8337,14,7,1,15,5,1,3,4,3,2,No,2,No
E1717,27,Male,Single,IT,IT Support,1,Business,Travel_Rarely,2,8379,9,3,3,9,1,4,4,4,4,3,Yes,3,No
E1718,31,Female,Divorced,Marketing,Marketing Specialist,4,Marketing,Travel_Rarely,23,7062,6,6,0,11,2,4,2,1,4,3,No,4,No
E1719,55,Male,Single,R&D,R&D Manager,5,Technical Degree,Travel_Rarely,27,7221,9,9,3,9,2,2,2,3,2,2,No,2,No
E1720,41,Female,Married,HR,Recruiter,1,Technical Degree,Non-Travel,29,5767,4,0,0,4,6,4,1,3,4,3,No,4,No
E1721,55,Male,Divorced,Sales,Sales Manager,3,Medical,Non-Travel,24,5833,0,0,0,5,3,4,2,3,3,4,No,2,No
E1722,33,Female,Married,Marketing,Marketing Specialist,5,Human Resources,Non-Travel,7,5275,0,0,0,5,0,3,3,4,2,3,No,3,No
E1723,50,Female,Divorced,IT,IT Manager,5,Other,Non-Travel,26,7503,4,1,1,11,6,1,4,1,2,2,Yes,2,No
E1724,26,Female,Single,Marketing,Marketing Specialist,3,Business,Non-Travel,3,6197,2,2,2,10,0,3,2,2,1,2,Yes,1,No
E1725,52,Male,Married,Sales,Sales Executive,4,Business,Travel_Rarely,20,9597,19,4,4,28,1,3,1,3,3,4,No,3,No
E1726,49,Female,Married,Customer Support,Support Representative,2,Medical,Travel_Frequently,23,3887,2,2,2,4,0,3,4,1,2,2,No,3,No
E1727,32,Male,Single,R&D,R&D Manager,1,Human Resources,Travel_Frequently,8,7761,2,2,2,6,2,1,3,3,4,3,No,3,No
E1728,40,Male,Married,Operations,Supply Chain Coordinator,3,Marketing,Non-Travel,6,5133,0,0,0,4,5,3,3,3,4,4,No,4,No
E1729,47,Female,Married,R&D,Research Scientist,4,Medical,Non-Travel,12,11453,19,2,2,28,3,2,3,3,1,4,No,2,No
E1730,53,Male,Single,R&D,R&D Manager,4,Other,Non-Travel,25,9223,20,0,0,24,5,1,3,4,1,4,No,2,No
E1731,31,Male,Single,R&D,Lab Technician,2,Medical,Travel_Frequently,7,8116,13,3,2,22,4,4,2,2,3,4,No,3,Yes
E1732,26,Male,Single,Sales,Account Manager,2,Life Sciences,Travel_Rarely,16,5979,8,5,5,15,6,2,3,4,3,1,No,2,No
E1733,21,Female,Married,Finance,Finance Manager,1,Medical,Travel_Rarely,23,6220,0,0,0,0,3,3,2,4,1,1,Yes,3,No
E1734,58,Male,Married,Finance,Financial Analyst,5,Marketing,Travel_Rarely,8,7373,11,2,2,15,2,3,3,4,1,4,No,2,No
E1735,55,Female,Divorced,Operations,Supply Chain Coordinator,2,Medical,Travel_Rarely,24,7551,20,3,3,29,6,3,4,2,4,3,No,4,No
E1736,28,Male,Married,R&D,Research Scientist,4,Technical Degree,Travel_Rarely,1,8782,10,5,0,13,2,4,3,2,2,1,No,3,No
E1737,35,Male,Married,Customer Support,Support Team Lead,1,Life Sciences,Travel_Rarely,9,6537,14,4,4,14,0,4,1,1,4,3,No,2,No
E1738,48,Female,Single,Operations,Ops Manager,1,Marketing,Non-Travel,4,6430,12,6,5,16,4,1,2,1,4,1,No,2,No
E1739,55,Female,Divorced,Marketing,Brand Manager,3,Life Sciences,Travel_Rarely,16,9817,22,11,6,24,4,4,1,3,4,4,No,3,No
E1740,29,Male,Divorced,R&D,Lab Technician,2,Business,Travel_Rarely,9,7517,11,7,4,18,4,3,1,4,3,2,Yes,2,No
E1741,38,Female,Married,IT,Software Engineer,1,Other,Travel_Rarely,15,6003,0,0,0,4,0,1,4,4,1,2,No,2,No
E1742,38,Male,Married,Marketing,Brand Manager,5,Medical,Travel_Rarely,27,5142,0,0,0,1,1,2,3,4,4,1,No,3,No
E1743,24,Male,Single,Operations,Operations Analyst,3,Business,Non-Travel,17,4296,0,0,0,8,4,4,1,1,4,3,Yes,3,No
E1744,22,Male,Married,Sales,Sales Manager,4,Medical,Travel_Rarely,8,6718,3,3,3,6,3,1,2,3,4,4,No,2,No
E1745,52,Female,Divorced,Finance,Finance Manager,3,Medical,Travel_Rarely,1,7002,12,1,1,21,2,3,1,1,3,2,No,3,No
E1746,30,Female,Married,Sales,Sales Executive,1,Medical,Travel_Frequently,3,5772,8,2,2,12,2,4,4,2,2,3,No,3,No
E1747,49,Male,Single,Sales,Sales Manager,5,Technical Degree,Travel_Rarely,17,5528,4,4,1,9,1,3,1,2,1,1,No,2,No
E1748,40,Female,Single,Operations,Operations Analyst,3,Life Sciences,Travel_Frequently,19,4756,0,0,0,0,4,3,3,3,4,2,No,2,No
E1749,58,Male,Single,R&D,R&D Manager,2,Other,Non-Travel,16,8306,15,0,0,18,6,2,1,4,1,4,No,2,No
E1750,27,Male,Divorced,Marketing,Marketing Manager,4,Medical,Travel_Frequently,7,4868,0,0,0,1,3,4,4,4,1,4,No,3,No
E1751,48,Male,Married,IT,IT Manager,1,Life Sciences,Travel_Frequently,16,9217,16,4,2,24,6,3,3,1,2,1,Yes,3,No
E1752,33,Male,Single,Sales,Account Manager,4,Other,Travel_Rarely,11,5391,5,5,5,14,2,2,2,1,2,2,No,2,No
E1753,56,Female,Married,R&D,R&D Manager,5,Marketing,Travel_Rarely,20,12148,21,2,1,26,1,4,4,1,4,1,Yes,3,No
E1754,25,Male,Married,Operations,Operations Analyst,2,Life Sciences,Travel_Frequently,7,6064,1,1,0,6,2,3,2,1,3,3,No,2,Yes
E1755,42,Female,Married,HR,Recruiter,3,Medical,Travel_Rarely,5,7005,14,8,2,20,2,4,1,1,2,1,No,3,No
E1756,45,Female,Married,IT,Software Engineer,2,Other,Travel_Rarely,2,7482,0,0,0,2,3,3,1,1,2,3,No,3,No
E1757,27,Male,Divorced,IT,IT Support,1,Business,Non-Travel,22,7353,0,0,0,1,3,3,2,2,1,1,No,2,No
E1758,32,Male,Divorced,Marketing,Brand Manager,1,Business,Travel_Frequently,12,5910,6,6,0,15,3,4,4,3,1,2,No,3,No
E1759,59,Female,Single,Operations,Operations Analyst,4,Technical Degree,Travel_Frequently,15,7990,13,9,0,14,5,4,4,1,3,3,No,3,No
E1760,45,Male,Single,R&D,R&D Manager,2,Business,Travel_Frequently,4,7413,10,10,7,13,3,1,4,1,3,3,No,2,No
E1761,26,Female,Married,R&D,Research Scientist,4,Medical,Travel_Rarely,27,7158,0,0,0,1,1,2,3,4,1,4,No,2,Yes
E1762,50,Male,Divorced,Sales,Sales Executive,1,Medical,Travel_Rarely,9,6277,7,7,5,13,1,3,1,4,3,1,No,3,No
E1763,42,Male,Married,Operations,Supply Chain Coordinator,4,Technical Degree,Travel_Rarely,2,7340,9,8,6,14,5,2,3,4,1,3,No,3,No
E1764,33,Male,Married,Sales,Sales Executive,5,Life Sciences,Travel_Rarely,5,7113,4,4,4,4,0,2,4,2,4,2,No,2,No
E1765,23,Male,Divorced,R&D,R&D Manager,1,Other,Travel_Rarely,1,5604,0,0,0,3,5,2,3,1,4,4,Yes,3,Yes
E1766,59,Male,Single,Sales,Sales Manager,2,Technical Degree,Non-Travel,12,9467,18,2,2,20,2,1,3,4,2,3,Yes,2,No
E1767,34,Male,Divorced,Sales,Account Manager,1,Human Resources,Travel_Frequently,28,7932,14,7,6,17,0,1,4,4,2,2,No,2,No
E1768,43,Male,Divorced,Marketing,Marketing Specialist,5,Human Resources,Travel_Rarely,14,8446,12,0,0,16,4,3,1,1,1,3,No,2,No
E1769,25,Female,Single,R&D,Lab Technician,4,Marketing,Travel_Rarely,18,7055,0,0,0,5,2,2,1,4,4,3,No,3,Yes
E1770,40,Male,Married,Operations,Ops Manager,2,Human Resources,Travel_Rarely,10,4963,5,5,5,12,2,2,3,2,3,4,No,3,No
E1771,22,Male,Married,R&D,Lab Technician,2,Life Sciences,Travel_Rarely,19,7257,4,2,2,6,0,3,2,3,2,3,No,3,Yes
E1772,24,Female,Married,Finance,Financial Analyst,5,Business,Travel_Rarely,14,6903,0,0,0,0,3,3,4,4,4,1,Yes,4,No
E1773,58,Male,Married,Customer Support,Support Representative,2,Medical,Non-Travel,8,7113,18,10,6,25,3,4,1,1,4,2,Yes,3,No
E1774,52,Female,Single,R&D,R&D Manager,4,Human Resources,Travel_Rarely,6,9885,15,0,0,21,3,1,1,3,2,1,No,2,No
E1775,44,Female,Married,R&D,Lab Technician,3,Business,Travel_Rarely,1,7199,4,3,3,7,4,1,3,2,3,3,No,2,Yes
E1776,42,Male,Married,IT,Software Engineer,2,Medical,Travel_Rarely,20,9206,9,1,1,16,4,1,3,4,2,2,No,2,No
E1777,29,Female,Single,R&D,Research Scientist,3,Medical,Travel_Frequently,1,7251,0,0,0,7,4,2,4,1,1,2,No,3,No
E1778,39,Male,Married,Marketing,Marketing Specialist,4,Technical Degree,Travel_Rarely,15,6519,5,4,4,6,6,2,1,3,1,1,Yes,2,Yes
E1779,31,Male,Married,IT,IT Manager,1,Business,Travel_Rarely,27,5863,0,0,0,7,4,2,2,1,2,3,No,2,Yes
E1780,31,Female,Married,Sales,Account Manager,5,Human Resources,Non-Travel,9,4820,0,0,0,4,6,1,2,1,2,4,No,3,Yes
E1781,48,Male,Divorced,R&D,Lab Technician,5,Medical,Travel_Rarely,3,8332,11,0,0,15,0,2,4,2,4,2,No,3,No
E1782,56,Male,Married,Marketing,Marketing Specialist,4,Medical,Travel_Rarely,27,8043,15,5,5,18,1,4,2,2,2,4,Yes,3,No
E1783,28,Female,Married,Operations,Ops Manager,3,Business,Non-Travel,13,4443,1,1,1,9,1,4,2,3,1,1,No,3,No
E1784,34,Female,Married,R&D,Research Scientist,3,Other,Travel_Rarely,3,6548,3,3,3,12,5,1,4,3,4,4,No,3,Yes
E1785,21,Male,Married,R&D,Lab Technician,4,Other,Travel_Rarely,10,5916,0,0,0,5,0,2,3,3,4,1,No,3,No
E1786,40,Male,Married,Sales,Sales Manager,4,Life Sciences,Non-Travel,5,5826,2,2,0,5,5,3,1,3,2,1,No,2,No
E1787,53,Female,Divorced,Marketing,Brand Manager,1,Technical Degree,Travel_Rarely,22,7359,5,2,2,6,2,3,1,3,2,3,No,3,No
E1788,42,Female,Single,Operations,Ops Manager,5,Business,Travel_Rarely,6,7542,10,8,4,12,1,3,4,3,4,3,No,2,Yes
E1789,44,Male,Single,R&D,Lab Technician,2,Other,Travel_Frequently,14,5554,0,0,0,9,0,4,4,3,2,1,No,3,No
E1790,41,Male,Married,Sales,Sales Executive,4,Human Resources,Travel_Rarely,11,6069,1,1,1,1,0,3,4,3,4,3,No,3,Yes
E1791,34,Female,Single,Operations,Ops Manager,2,Medical,Travel_Rarely,18,5842,6,6,5,7,5,1,2,1,3,3,Yes,2,No
E1792,46,Male,Married,HR,HR Manager,3,Medical,Travel_Rarely,12,5358,5,2,0,9,3,3,1,1,2,4,No,3,No
E1793,49,Male,Single,Operations,Operations Analyst,3,Life Sciences,Travel_Frequently,1,5894,3,1,1,6,3,3,2,4,4,3,No,3,No
E1794,29,Male,Single,R&D,R&D Manager,1,Human Resources,Travel_Rarely,18,8066,8,2,2,13,1,1,1,2,4,2,Yes,2,Yes
E1795,26,Female,Married,R&D,R&D Manager,2,Life Sciences,Travel_Rarely,2,6931,0,0,0,6,3,3,2,1,4,2,Yes,3,Yes
E1796,30,Male,Divorced,R&D,Lab Technician,2,Life Sciences,Travel_Frequently,8,7445,12,0,0,12,0,1,3,3,4,2,No,3,No
E1797,47,Female,Married,Finance,Financial Analyst,5,Human Resources,Travel_Rarely,21,6634,4,4,4,4,4,3,2,2,3,2,Yes,3,No
E1798,58,Male,Single,Operations,Operations Analyst,3,Human Resources,Travel_Rarely,16,4827,3,3,3,9,1,4,3,2,3,1,No,2,No
E1799,35,Female,Married,Sales,Sales Manager,4,Life Sciences,Travel_Rarely,20,4534,0,0,0,0,5,1,3,4,2,2,Yes,2,No
